"Time","C. acc99_A6","C. acc99_B6","C. acc99_C6","C. acc99_D6","C. acc99_E6","C. acc99_F6","C. acc99_G6","C. acc99_H6","C. acc157_A7","C. acc157_B7","C. acc157_C7","C. acc157_D7","C. acc157_E7","C. acc157_F7","C. acc157_G7","C. acc157_H7","C. acc184_A8","C. acc184_B8","C. acc184_C8","C. acc184_D8","C. acc184_E8","C. acc184_F8","C. acc184_G8","C. acc184_H8","C. prop16_A3","C. prop16_B3","C. prop16_C3","C. prop16_D3","C. prop16_E3","C. prop16_F3","C. prop16_G3","C. prop16_H3","C. prop70_A4","C. prop70_B4","C. prop70_C4","C. prop70_D4","C. prop70_E4","C. prop70_F4","C. prop70_G4","C. prop70_H4","C. prop265_A5","C. prop265_B5","C. prop265_C5","C. prop265_D5","C. prop265_E5","C. prop265_F5","C. prop265_G5","C. prop265_H5","C. pseDSM_A9","C. pseDSM_B9","C. pseDSM_C9","C. pseDSM_D9","C. pseDSM_E9","C. pseDSM_F9","C. pseDSM_G9","C. pseDSM_H9","C. pse242_A10","C. pse242_B10","C. pse242_C10","C. pse242_D10","C. pse242_E10","C. pse242_F10","C. pse242_G10","C. pse242_H10","C.pse244_A11","C.pse244_B11","C.pse244_C11","C.pse244_D11","C.pse244_E11","C.pse244_F11","C.pse244_G11","C.pse244_H11","C. tub102_A1","C. tub102_B1","C. tub102_C1","C. tub102_D1","C. tub102_E1","C. tub102_F1","C. tub102_G1","C. tub102_H1","C. tub223_A2","C. tub223_B2","C. tub223_C2","C. tub223_D2","C. tub223_E2","C. tub223_F2","C. tub223_G2","C. tub223_H2","C. tubDSM_A5","C. tubDSM_B5","C. tubDSM_C5","C. tubDSM_D5","C. tubDSM_E5","C. tubDSM_F5","C. tubDSM_G5","C. tubDSM_H5","D. pig21_A9","D. pig21_B9","D. pig21_C9","D. pig21_D9","D. pig21_E9","D. pig21_F9","D. pig21_G9","D. pig21_H9","D. pig61_A10","D. pig61_B10","D. pig61_C10","D. pig61_D10","D. pig61_E10","D. pig61_F10","D. pig61_G10","D. pig61_H10","D. pig245_A11","D. pig245_B11","D. pig245_C11","D. pig245_D11","D. pig245_E11","D. pig245_F11","D. pig245_G11","D. pig245_H11","S. epi28_A6","S. epi28_B6","S. epi28_C6","S. epi28_D6","S. epi28_E6","S. epi28_F6","S. epi28_G6","S. epi28_H6","S. epi231_A7","S. epi231_B7","S. epi231_C7","S. epi231_D7","S. epi231_E7","S. epi231_F7","S. epi231_G7","S. epi231_H7","S. epi251_A8","S. epi251_B8","S. epi251_C8","S. epi251_D8","S. epi251_E8","S. epi251_F8","S. epi251_G8","S. epi251_H8","S. lug81_A2","S. lug81_B2","S. lug81_C2","S. lug81_D2","S. lug81_E2","S. lug81_F2","S. lug81_G2","S. lug81_H2","S. lug115_A3","S. lug115_B3","S. lug115_C3","S. lug115_D3","S. lug115_E3","S. lug115_F3","S. lug115_G3","S. lug115_H3","S. lug239_A4","S. lug239_B4","S. lug239_C4","S. lug239_D4","S. lug239_E4","S. lug239_F4","S. lug239_G4","S. lug239_H4"
0.152777777777778,0.01941625,0.01624625,0.01624625,0.02258625,0.01307625,0.01624625,0.01307625,0.01307625,0.03526625,0.03209625,0.02575625,0.01941625,0.01624625,0.00990624999999997,0.00673624999999996,0.00356624999999996,0.01624625,0.01624625,0.01941625,0.01624625,0.01941625,0.01624625,0.01307625,0.00673624999999996,0.03209625,0.04160625,0.03526625,0.03843625,0.02892625,0.02892625,0.03843625,0.03209625,0.02258625,0.02892625,0.02258625,0.02258625,0.02892625,0.02575625,0.03209625,0.01624625,0.01941625,0.02258625,0.02258625,0.01941625,0.01624625,0.01941625,0.01941625,0.01624625,0.01941625,0.02258625,0.01624625,0.02258625,0.02258625,0.01941625,0.03209625,0.01941625,0.01941625,0.01624625,0.01941625,0.01624625,0.02258625,0.01624625,0.04160625,0.01941625,0.02575625,0.02892625,0.01941625,0.01624625,0.02258625,0.01941625,0.01624625,0.01941625,0.02575625,0.02892625,0.02575625,0.02575625,0.03209625,0.02258625,0.02892625,0.02258625,0.02258625,0.01941625,0.02258625,0.01941625,0.02575625,0.01941625,0.02258625,0.02258625,0.01307625,0.01307625,0.01307625,0.00990624999999997,0.00673624999999996,0.01307625,0.00673624999999996,0.00990624999999997,0.01624625,0.01941625,0.01624625,0.01941625,0.01941625,0.01941625,0.01624625,0.01624625,0.01624625,0.01624625,0.01307625,0.01624625,0.02258625,0.01624625,0.02892625,0.01941625,0.03209625,0.03209625,0.03209625,0.03209625,0.03209625,0.03526625,0.03526625,0.03526625,0.02575625,0.02892625,0.02575625,0.02575625,0.02575625,0.02892625,0.02575625,0.02575625,0.02892625,0.03209625,0.03209625,0.02892625,0.02892625,0.03209625,0.03209625,0.03526625,0.02575625,0.02892625,0.02575625,0.03526625,0.02892625,0.02575625,0.02575625,0.02575625,0.03209625,0.02575625,0.02575625,0.02892625,0.03209625,0.02892625,0.02892625,0.02892625,0.02575625,0.02575625,0.03843625,0.02575625,0.02258625,0.02258625,0.02892625,0.02258625,0.03209625,0.03526625,0.03209625,0.03526625,0.03526625,0.03526625,0.03526625,0.03526625
0.319444444444444,0.01941625,0.01624625,0.01624625,0.03209625,0.01307625,0.01941625,0.01307625,0.01307625,0.03209625,0.03209625,0.02575625,0.01624625,0.01307625,0.00673624999999996,0.00673624999999996,0.00356624999999996,0.01624625,0.01624625,0.01941625,0.01941625,0.01624625,0.01307625,0.01307625,0.00673624999999996,0.03209625,0.03843625,0.03526625,0.03843625,0.03209625,0.02892625,0.03843625,0.03843625,0.02575625,0.02892625,0.02258625,0.02892625,0.02892625,0.02892625,0.03526625,0.02575625,0.01941625,0.02258625,0.01941625,0.02258625,0.01941625,0.01624625,0.01941625,0.01624625,0.01941625,0.01941625,0.01624625,0.01941625,0.02258625,0.01941625,0.03526625,0.01624625,0.02258625,0.01624625,0.01624625,0.01624625,0.02258625,0.01941625,0.04160625,0.02258625,0.02575625,0.02575625,0.01941625,0.01624625,0.01941625,0.01941625,0.01624625,0.01941625,0.02892625,0.03209625,0.02575625,0.02892625,0.03209625,0.02575625,0.02892625,0.02892625,0.02258625,0.02258625,0.02575625,0.01941625,0.02575625,0.01941625,0.02258625,0.02258625,0.01307625,0.01307625,0.01307625,0.00990624999999997,0.00673624999999996,0.01307625,0.00673624999999996,0.00990624999999997,0.01624625,0.01941625,0.01624625,0.01941625,0.01941625,0.01941625,0.01624625,0.01624625,0.01624625,0.01624625,0.01307625,0.01624625,0.02258625,0.01624625,0.02892625,0.01941625,0.03526625,0.03209625,0.03209625,0.03209625,0.03526625,0.03526625,0.03526625,0.03526625,0.02575625,0.02892625,0.02892625,0.02892625,0.02575625,0.02892625,0.02575625,0.02258625,0.03209625,0.03209625,0.03209625,0.02892625,0.02892625,0.03209625,0.03209625,0.03526625,0.02575625,0.02575625,0.02575625,0.03526625,0.02892625,0.02575625,0.02575625,0.02575625,0.03526625,0.03209625,0.03209625,0.03209625,0.03526625,0.03209625,0.03209625,0.03526625,0.02892625,0.02892625,0.04477625,0.02575625,0.02575625,0.02575625,0.02892625,0.02575625,0.03526625,0.03526625,0.03209625,0.03843625,0.03843625,0.03843625,0.03843625,0.03526625
0.486111111111111,0.02020875,0.02337875,0.02020875,0.02971875,0.01386875,0.02020875,0.01386875,0.01386875,0.03922875,0.03605875,0.02971875,0.02020875,0.01703875,0.00752874999999997,0.00435874999999996,0.00752874999999997,0.01703875,0.02020875,0.02020875,0.01703875,0.01703875,0.01386875,0.01703875,0.00752874999999997,0.03209625,0.04160625,0.03526625,0.03843625,0.03209625,0.02892625,0.03843625,0.03526625,0.02575625,0.02892625,0.02575625,0.02258625,0.03209625,0.02892625,0.03526625,0.01941625,0.01941625,0.02258625,0.01941625,0.02258625,0.01941625,0.01941625,0.02258625,0.01941625,0.02020875,0.02020875,0.01703875,0.01703875,0.02337875,0.02337875,0.03288875,0.01703875,0.02020875,0.01386875,0.01703875,0.01703875,0.02337875,0.02020875,0.04239875,0.02337875,0.02971875,0.02971875,0.02020875,0.01703875,0.02337875,0.02020875,0.01703875,0.02020875,0.02892625,0.03209625,0.02575625,0.02892625,0.03209625,0.02258625,0.03209625,0.03526625,0.02258625,0.02258625,0.02575625,0.02258625,0.02575625,0.02258625,0.02258625,0.02258625,0.01386875,0.01386875,0.01386875,0.01069875,0.00752874999999997,0.01386875,0.00752874999999997,0.01069875,0.01624625,0.01941625,0.01624625,0.01941625,0.01941625,0.01941625,0.01624625,0.01624625,0.01624625,0.01941625,0.01307625,0.01624625,0.02258625,0.01624625,0.02892625,0.01941625,0.03209625,0.03526625,0.03209625,0.03209625,0.03209625,0.03526625,0.03526625,0.03526625,0.02892625,0.02892625,0.02892625,0.02575625,0.02575625,0.02892625,0.02575625,0.02575625,0.03209625,0.03209625,0.03209625,0.02892625,0.03209625,0.03209625,0.03526625,0.03526625,0.02575625,0.02892625,0.02575625,0.03526625,0.02892625,0.02575625,0.02575625,0.02575625,0.04239875,0.03605875,0.03605875,0.03605875,0.03922875,0.03605875,0.03605875,0.03922875,0.02971875,0.03288875,0.05190875,0.02971875,0.02971875,0.02971875,0.03288875,0.02971875,0.03922875,0.03922875,0.03605875,0.04239875,0.04239875,0.04239875,0.04239875,0.03922875
0.652777777777778,0.02337875,0.02337875,0.02020875,0.03288875,0.01703875,0.02020875,0.01386875,0.01703875,0.03922875,0.03605875,0.02971875,0.02020875,0.01703875,0.01069875,0.00435874999999996,0.00435874999999996,0.01703875,0.02020875,0.01703875,0.01703875,0.02020875,0.01703875,0.01386875,0.00752874999999997,0.03526625,0.03209625,0.03843625,0.03843625,0.03209625,0.03209625,0.04160625,0.03526625,0.02892625,0.03209625,0.02575625,0.02258625,0.03209625,0.02892625,0.03843625,0.02258625,0.01941625,0.02258625,0.01941625,0.02258625,0.01941625,0.01941625,0.02258625,0.01941625,0.02020875,0.02020875,0.01386875,0.01703875,0.02337875,0.02020875,0.03288875,0.01386875,0.02337875,0.01703875,0.01386875,0.02020875,0.02337875,0.01703875,0.04556875,0.02020875,0.02971875,0.02971875,0.02020875,0.01703875,0.02337875,0.02020875,0.01703875,0.02020875,0.02892625,0.03526625,0.02892625,0.03209625,0.03526625,0.02575625,0.02892625,0.03843625,0.01941625,0.02258625,0.02575625,0.02258625,0.02575625,0.02258625,0.02258625,0.02575625,0.01386875,0.01386875,0.01386875,0.01386875,0.00752874999999997,0.01386875,0.00752874999999997,0.01069875,0.01624625,0.01941625,0.01624625,0.01941625,0.01941625,0.01941625,0.01624625,0.01624625,0.01624625,0.01941625,0.01307625,0.01624625,0.02258625,0.01624625,0.02892625,0.01941625,0.03526625,0.03526625,0.03209625,0.03209625,0.03526625,0.03526625,0.03526625,0.03843625,0.02892625,0.02892625,0.02892625,0.02575625,0.02575625,0.03209625,0.02575625,0.02575625,0.03209625,0.03526625,0.03526625,0.03209625,0.03209625,0.03526625,0.03526625,0.03526625,0.02892625,0.02892625,0.02892625,0.03526625,0.02892625,0.02575625,0.02575625,0.02892625,0.04873875,0.03922875,0.04239875,0.03922875,0.04239875,0.03922875,0.04239875,0.04556875,0.03605875,0.03605875,0.05824875,0.02971875,0.03288875,0.03288875,0.03605875,0.03605875,0.04239875,0.04239875,0.03605875,0.04556875,0.04556875,0.04556875,0.04556875,0.04556875
0.819444444444444,0.02337875,0.02654875,0.02337875,0.03288875,0.01703875,0.02337875,0.01703875,0.01703875,0.04239875,0.03288875,0.03288875,0.02020875,0.01703875,0.00752874999999997,0.00435874999999996,0.00752874999999997,0.01703875,0.01703875,0.02020875,0.02020875,0.02020875,0.01703875,0.01703875,0.01069875,0.0324925,0.0388325,0.0356625,0.0420025,0.0324925,0.0324925,0.0420025,0.0420025,0.0261525,0.0293225,0.0261525,0.0229825,0.0324925,0.0293225,0.0388325,0.0261525,0.0198125,0.0166425,0.0166425,0.0229825,0.0198125,0.0198125,0.0229825,0.0198125,0.02020875,0.02020875,0.01703875,0.02020875,0.02337875,0.02654875,0.03288875,0.01703875,0.02337875,0.01703875,0.01386875,0.02020875,0.02337875,0.02337875,0.04556875,0.02337875,0.02971875,0.02971875,0.02337875,0.02020875,0.02337875,0.02020875,0.02020875,0.02337875,0.0293225,0.0324925,0.0261525,0.0324925,0.0356625,0.0261525,0.0324925,0.0388325,0.0198125,0.0229825,0.0261525,0.0229825,0.0261525,0.0198125,0.0261525,0.0261525,0.01386875,0.01386875,0.01703875,0.01386875,0.00752874999999997,0.01703875,0.01069875,0.01386875,0.0166425,0.0198125,0.0166425,0.0229825,0.0198125,0.0198125,0.0166425,0.0166425,0.0166425,0.0166425,0.0134725,0.0166425,0.0229825,0.0166425,0.0293225,0.0198125,0.0356625,0.0324925,0.0324925,0.0324925,0.0356625,0.0356625,0.0356625,0.0388325,0.0293225,0.0293225,0.0293225,0.0293225,0.0293225,0.0324925,0.0293225,0.0261525,0.0356625,0.0356625,0.0356625,0.0324925,0.0324925,0.0356625,0.0356625,0.0356625,0.0293225,0.0293225,0.0293225,0.0356625,0.0293225,0.0293225,0.0261525,0.0293225,0.05190875,0.04239875,0.04556875,0.04239875,0.04873875,0.04239875,0.04556875,0.05507875,0.03922875,0.04239875,0.06141875,0.03288875,0.03605875,0.03605875,0.03922875,0.03922875,0.04556875,0.04556875,0.03922875,0.05190875,0.04873875,0.04873875,0.04873875,0.05507875
0.986111111111111,0.02654875,0.02654875,0.02337875,0.03605875,0.01703875,0.02654875,0.01703875,0.02020875,0.04239875,0.03288875,0.02971875,0.01703875,0.01703875,0.00752874999999997,0.00752874999999997,0.00752874999999997,0.01386875,0.02020875,0.01703875,0.01703875,0.01703875,0.01703875,0.01703875,0.01069875,0.0356625,0.0451725,0.0420025,0.0420025,0.0356625,0.0356625,0.0451725,0.0451725,0.0324925,0.0356625,0.0293225,0.0261525,0.0356625,0.0261525,0.0388325,0.0198125,0.0198125,0.0198125,0.0166425,0.0229825,0.0198125,0.0166425,0.0229825,0.0198125,0.02020875,0.02020875,0.02020875,0.02020875,0.02337875,0.02654875,0.03288875,0.02020875,0.01703875,0.01703875,0.01703875,0.01703875,0.02654875,0.01703875,0.04239875,0.02020875,0.03288875,0.02971875,0.02337875,0.02020875,0.02337875,0.02020875,0.02020875,0.02337875,0.0293225,0.0356625,0.0293225,0.0324925,0.0356625,0.0293225,0.0356625,0.0451725,0.0261525,0.0261525,0.0261525,0.0229825,0.0261525,0.0198125,0.0261525,0.0293225,0.01386875,0.01386875,0.01703875,0.01386875,0.01069875,0.01703875,0.01069875,0.01386875,0.0166425,0.0198125,0.0166425,0.0229825,0.0198125,0.0198125,0.0166425,0.0166425,0.0166425,0.0198125,0.0134725,0.0198125,0.0229825,0.0166425,0.0293225,0.0229825,0.0356625,0.0356625,0.0324925,0.0356625,0.0356625,0.0356625,0.0356625,0.0388325,0.0293225,0.0324925,0.0293225,0.0293225,0.0293225,0.0324925,0.0293225,0.0293225,0.0356625,0.0356625,0.0356625,0.0324925,0.0324925,0.0356625,0.0356625,0.0388325,0.0293225,0.0293225,0.0293225,0.0388325,0.0324925,0.0293225,0.0293225,0.0293225,0.05507875,0.04239875,0.04873875,0.04239875,0.04873875,0.04239875,0.04556875,0.06141875,0.03922875,0.04873875,0.06458875,0.03288875,0.03922875,0.03922875,0.04239875,0.04239875,0.04873875,0.04556875,0.04239875,0.05507875,0.04873875,0.05190875,0.05507875,0.06141875
1.15277777777778,0.02654875,0.02971875,0.02654875,0.03922875,0.02020875,0.02654875,0.02020875,0.02020875,0.04556875,0.04556875,0.03605875,0.02020875,0.01703875,0.01069875,0.00752874999999997,0.00752874999999997,0.01703875,0.02020875,0.01703875,0.01703875,0.01703875,0.01703875,0.01386875,0.00752874999999997,0.0356625,0.0451725,0.0388325,0.0451725,0.0356625,0.0356625,0.0451725,0.0356625,0.0324925,0.0356625,0.0324925,0.0261525,0.0356625,0.0356625,0.0420025,0.0293225,0.0229825,0.0229825,0.0198125,0.0229825,0.0198125,0.0198125,0.0229825,0.0198125,0.02020875,0.02337875,0.01386875,0.01703875,0.02337875,0.02971875,0.03288875,0.01703875,0.02020875,0.01703875,0.01386875,0.01703875,0.02654875,0.01703875,0.04556875,0.02020875,0.03288875,0.02971875,0.02337875,0.01703875,0.02654875,0.02337875,0.02020875,0.02337875,0.0293225,0.0388325,0.0324925,0.0324925,0.0356625,0.0293225,0.0356625,0.0483425,0.0198125,0.0261525,0.0261525,0.0229825,0.0261525,0.0229825,0.0261525,0.0293225,0.01386875,0.01703875,0.01703875,0.01386875,0.01069875,0.02020875,0.01069875,0.01386875,0.0166425,0.0198125,0.0166425,0.0229825,0.0198125,0.0198125,0.0166425,0.0166425,0.0166425,0.0198125,0.0134725,0.0166425,0.0229825,0.0166425,0.0293225,0.0229825,0.0356625,0.0356625,0.0324925,0.0356625,0.0356625,0.0356625,0.0356625,0.0388325,0.0324925,0.0324925,0.0324925,0.0324925,0.0293225,0.0356625,0.0293225,0.0293225,0.0356625,0.0388325,0.0388325,0.0356625,0.0356625,0.0388325,0.0388325,0.0388325,0.0324925,0.0324925,0.0293225,0.0388325,0.0324925,0.0293225,0.0293225,0.0324925,0.06141875,0.04556875,0.05190875,0.04556875,0.05190875,0.04556875,0.04873875,0.06775875,0.04239875,0.05507875,0.07092875,0.03605875,0.04239875,0.04239875,0.04873875,0.04873875,0.05190875,0.04873875,0.04556875,0.05824875,0.05190875,0.05824875,0.05824875,0.07092875
1.31944444444444,0.02971875,0.02971875,0.02654875,0.03922875,0.02020875,0.02971875,0.02020875,0.02337875,0.04239875,0.03605875,0.03922875,0.01703875,0.01703875,0.01069875,0.00752874999999997,0.01069875,0.01703875,0.02020875,0.01703875,0.01703875,0.01703875,0.02020875,0.01703875,0.01069875,0.03843625,0.04794625,0.04477625,0.04477625,0.03843625,0.03843625,0.04794625,0.04477625,0.03526625,0.03843625,0.03526625,0.02892625,0.03843625,0.03526625,0.04160625,0.02575625,0.02258625,0.01941625,0.01941625,0.02258625,0.01941625,0.01941625,0.02258625,0.01941625,0.02020875,0.02020875,0.01703875,0.02020875,0.02337875,0.02337875,0.03288875,0.02020875,0.02337875,0.01703875,0.01703875,0.02020875,0.02654875,0.02337875,0.04556875,0.02337875,0.03288875,0.03288875,0.02337875,0.02020875,0.02337875,0.02337875,0.02020875,0.02337875,0.02892625,0.03843625,0.03209625,0.03526625,0.03843625,0.02892625,0.03843625,0.05111625,0.02575625,0.02575625,0.02575625,0.02258625,0.02892625,0.02258625,0.02575625,0.02892625,0.01703875,0.01703875,0.01703875,0.01386875,0.01069875,0.01703875,0.01069875,0.01703875,0.01624625,0.01941625,0.01624625,0.02258625,0.02258625,0.01941625,0.01624625,0.01624625,0.01624625,0.01941625,0.01624625,0.01941625,0.02258625,0.01941625,0.02892625,0.02258625,0.03526625,0.03526625,0.03526625,0.03526625,0.03526625,0.03526625,0.03843625,0.03843625,0.03209625,0.03526625,0.02892625,0.03209625,0.02892625,0.03526625,0.03209625,0.02892625,0.03843625,0.03843625,0.03843625,0.03526625,0.03526625,0.03843625,0.03843625,0.03843625,0.03209625,0.03209625,0.03209625,0.03843625,0.03209625,0.03209625,0.02892625,0.03209625,0.06775875,0.04556875,0.05507875,0.04556875,0.05507875,0.04556875,0.05190875,0.07409875,0.04556875,0.06458875,0.07092875,0.03605875,0.04556875,0.04556875,0.05190875,0.05190875,0.05190875,0.04873875,0.05190875,0.06141875,0.05507875,0.06141875,0.06458875,0.08043875
1.48611111111111,0.02971875,0.02971875,0.02971875,0.04239875,0.02337875,0.03288875,0.02337875,0.02337875,0.04556875,0.04556875,0.03288875,0.02020875,0.01703875,0.00752874999999997,0.00752874999999997,0.00752874999999997,0.01703875,0.02020875,0.02020875,0.02020875,0.02020875,0.02020875,0.01386875,0.01069875,0.03209625,0.04794625,0.04794625,0.04794625,0.03843625,0.03843625,0.04794625,0.04160625,0.03843625,0.03843625,0.03526625,0.02892625,0.04160625,0.03209625,0.04477625,0.03209625,0.02258625,0.01624625,0.01624625,0.02575625,0.01941625,0.01941625,0.02258625,0.02258625,0.02020875,0.02337875,0.01703875,0.02020875,0.02337875,0.03288875,0.03605875,0.02020875,0.02337875,0.02020875,0.01703875,0.02020875,0.02654875,0.02020875,0.04873875,0.02337875,0.03605875,0.03288875,0.02337875,0.02020875,0.02337875,0.02337875,0.02337875,0.02337875,0.03209625,0.03843625,0.03526625,0.03526625,0.03843625,0.03209625,0.03843625,0.05111625,0.02575625,0.02575625,0.02575625,0.02258625,0.02892625,0.02258625,0.02892625,0.02892625,0.01703875,0.01703875,0.01703875,0.01386875,0.01069875,0.02337875,0.01069875,0.01703875,0.01624625,0.01941625,0.01624625,0.02258625,0.01941625,0.01941625,0.01624625,0.01624625,0.01624625,0.01941625,0.01624625,0.01941625,0.02258625,0.01941625,0.03209625,0.02258625,0.03526625,0.03526625,0.03526625,0.03526625,0.03526625,0.03843625,0.03843625,0.04160625,0.03526625,0.03526625,0.03209625,0.03209625,0.03209625,0.03526625,0.03209625,0.03209625,0.03843625,0.03843625,0.03843625,0.03526625,0.03526625,0.04160625,0.04160625,0.04160625,0.03526625,0.03526625,0.03526625,0.04160625,0.03526625,0.03209625,0.03209625,0.03209625,0.07092875,0.04556875,0.05824875,0.04556875,0.05824875,0.04556875,0.05824875,0.08360875,0.04556875,0.07092875,0.07409875,0.03605875,0.04873875,0.04873875,0.05824875,0.05824875,0.05190875,0.04873875,0.05507875,0.06458875,0.05824875,0.06775875,0.07092875,0.09311875
1.65277777777778,0.03288875,0.03288875,0.02971875,0.04239875,0.02654875,0.03605875,0.02337875,0.02654875,0.04873875,0.04556875,0.03922875,0.02337875,0.01386875,0.01069875,0.01069875,0.01069875,0.01703875,0.01703875,0.02020875,0.02020875,0.02020875,0.01703875,0.01703875,0.00752874999999997,0.0420025,0.0483425,0.0483425,0.0483425,0.0420025,0.0388325,0.0483425,0.0293225,0.0388325,0.0420025,0.0356625,0.0388325,0.0420025,0.0420025,0.0451725,0.0293225,0.0229825,0.0166425,0.0166425,0.0229825,0.0166425,0.0198125,0.0261525,0.0198125,0.02020875,0.02337875,0.02020875,0.02337875,0.02654875,0.03288875,0.03288875,0.02020875,0.02020875,0.01386875,0.02020875,0.02337875,0.02337875,0.02654875,0.04873875,0.02020875,0.03605875,0.03288875,0.02654875,0.02020875,0.02654875,0.02337875,0.02337875,0.02654875,0.0293225,0.0420025,0.0324925,0.0388325,0.0356625,0.0324925,0.0420025,0.0546825,0.0229825,0.0293225,0.0198125,0.0261525,0.0293225,0.0229825,0.0293225,0.0324925,0.01703875,0.02020875,0.01703875,0.01703875,0.01386875,0.01386875,0.01069875,0.01703875,0.0166425,0.0198125,0.0166425,0.0229825,0.0198125,0.0198125,0.0166425,0.0166425,0.0166425,0.0198125,0.0166425,0.0198125,0.0229825,0.0198125,0.0324925,0.0229825,0.0356625,0.0356625,0.0356625,0.0356625,0.0356625,0.0388325,0.0388325,0.0420025,0.0356625,0.0388325,0.0356625,0.0356625,0.0324925,0.0388325,0.0356625,0.0356625,0.0420025,0.0420025,0.0420025,0.0388325,0.0388325,0.0420025,0.0420025,0.0420025,0.0356625,0.0356625,0.0356625,0.0420025,0.0356625,0.0356625,0.0356625,0.0356625,0.08043875,0.04873875,0.06458875,0.04873875,0.05824875,0.04873875,0.05824875,0.08994875,0.04873875,0.08043875,0.07726875,0.03922875,0.05190875,0.05190875,0.06141875,0.06458875,0.05824875,0.05190875,0.05824875,0.07092875,0.06141875,0.07409875,0.07726875,0.10262875
1.81944444444444,0.0324925,0.0356625,0.0324925,0.0451725,0.0261525,0.0388325,0.0261525,0.0261525,0.0420025,0.0483425,0.0356625,0.0166425,0.0166425,0.0134725,0.0103025,0.00713249999999997,0.0166425,0.0229825,0.0198125,0.0198125,0.0198125,0.0198125,0.0166425,0.0103025,0.03843625,0.04160625,0.05111625,0.04477625,0.04160625,0.04160625,0.05111625,0.03526625,0.04160625,0.04160625,0.03843625,0.03209625,0.04477625,0.04160625,0.04794625,0.03526625,0.02258625,0.01941625,0.01624625,0.02575625,0.01624625,0.01624625,0.02258625,0.01941625,0.0229825,0.0229825,0.0198125,0.0229825,0.0229825,0.0293225,0.0356625,0.0198125,0.0261525,0.0166425,0.0198125,0.0229825,0.0293225,0.0261525,0.0483425,0.0261525,0.0356625,0.0356625,0.0229825,0.0198125,0.0261525,0.0229825,0.0229825,0.0229825,0.03209625,0.04160625,0.03526625,0.03843625,0.04160625,0.03209625,0.04160625,0.06062625,0.02258625,0.02892625,0.02892625,0.02575625,0.02892625,0.02258625,0.02892625,0.03209625,0.0198125,0.0198125,0.0166425,0.0166425,0.0134725,0.0198125,0.0103025,0.0166425,0.01624625,0.01941625,0.01624625,0.02258625,0.02258625,0.01941625,0.01624625,0.01941625,0.01941625,0.01941625,0.01624625,0.01941625,0.02258625,0.01941625,0.03209625,0.02258625,0.03526625,0.03526625,0.03526625,0.03526625,0.03526625,0.03843625,0.03843625,0.04160625,0.03526625,0.03843625,0.03843625,0.03843625,0.03209625,0.04160625,0.03526625,0.03526625,0.04160625,0.04160625,0.04160625,0.03843625,0.04160625,0.04160625,0.04160625,0.04477625,0.03526625,0.03526625,0.03526625,0.04477625,0.03843625,0.03526625,0.03526625,0.03526625,0.0832125,0.0515125,0.0641925,0.0483425,0.0610225,0.0483425,0.0610225,0.0958925,0.0483425,0.0863825,0.0800425,0.0388325,0.0546825,0.0546825,0.0641925,0.0705325,0.0578525,0.0515125,0.0610225,0.0737025,0.0610225,0.0800425,0.0800425,0.1149125
1.98611111111111,0.0356625,0.0356625,0.0324925,0.0451725,0.0293225,0.0388325,0.0293225,0.0261525,0.0515125,0.0451725,0.0388325,0.0261525,0.0198125,0.00713249999999997,0.00713249999999997,0.0134725,0.0166425,0.0198125,0.0166425,0.0166425,0.0198125,0.0166425,0.0166425,0.0103025,0.04160625,0.05111625,0.05111625,0.05111625,0.04477625,0.04160625,0.05428625,0.04477625,0.04160625,0.04477625,0.03843625,0.03209625,0.04477625,0.04160625,0.05111625,0.03526625,0.02258625,0.02258625,0.01624625,0.02575625,0.01624625,0.02258625,0.01941625,0.01941625,0.0229825,0.0229825,0.0198125,0.0229825,0.0261525,0.0261525,0.0356625,0.0198125,0.0261525,0.0198125,0.0198125,0.0229825,0.0293225,0.0198125,0.0483425,0.0261525,0.0324925,0.0324925,0.0261525,0.0229825,0.0261525,0.0229825,0.0229825,0.0261525,0.03526625,0.04160625,0.03526625,0.04160625,0.04160625,0.03526625,0.04477625,0.06379625,0.03209625,0.02892625,0.02892625,0.02575625,0.02892625,0.02258625,0.03209625,0.03526625,0.0198125,0.0198125,0.0198125,0.0166425,0.0134725,0.0261525,0.0103025,0.0198125,0.01624625,0.01941625,0.01941625,0.02258625,0.02258625,0.01941625,0.01624625,0.01941625,0.01941625,0.01941625,0.01624625,0.01941625,0.02258625,0.01941625,0.03209625,0.02258625,0.03526625,0.03526625,0.03526625,0.03526625,0.03526625,0.03843625,0.03843625,0.04160625,0.03843625,0.04160625,0.03526625,0.03843625,0.03526625,0.04160625,0.03526625,0.03209625,0.04477625,0.04477625,0.04477625,0.04160625,0.04160625,0.04477625,0.04794625,0.04477625,0.03843625,0.03843625,0.03526625,0.04477625,0.03843625,0.03526625,0.03526625,0.03843625,0.0895525,0.0515125,0.0673625,0.0515125,0.0610225,0.0483425,0.0610225,0.1022325,0.0515125,0.0927225,0.0800425,0.0388325,0.0578525,0.0578525,0.0673625,0.0737025,0.0610225,0.0546825,0.0673625,0.0768725,0.0641925,0.0863825,0.0895525,0.1275925
2.15277777777778,0.03526625,0.03526625,0.03526625,0.04794625,0.02892625,0.04160625,0.02892625,0.02892625,0.05111625,0.05111625,0.03843625,0.01941625,0.01941625,0.01307625,0.00673624999999997,0.00990624999999998,0.01941625,0.01941625,0.01941625,0.01941625,0.01941625,0.01941625,0.01307625,0.01307625,0.04755,0.05389,0.04438,0.05389,0.04438,0.04438,0.05389,0.05389,0.04438,0.04438,0.04121,0.03487,0.04755,0.04438,0.05072,0.03487,0.01902,0.02219,0.01902,0.02536,0.01585,0.01902,0.02536,0.02219,0.02258625,0.02258625,0.01941625,0.02258625,0.02575625,0.02892625,0.03843625,0.02258625,0.02575625,0.01941625,0.01941625,0.02575625,0.02892625,0.02575625,0.04794625,0.02575625,0.03526625,0.03209625,0.02575625,0.02258625,0.02575625,0.02575625,0.02258625,0.02575625,0.03487,0.04438,0.03804,0.04121,0.04438,0.03487,0.04438,0.06657,0.02853,0.0317,0.02853,0.02536,0.02853,0.02219,0.0317,0.03487,0.01941625,0.01624625,0.01941625,0.01624625,0.01307625,0.02575625,0.01307625,0.01941625,0.01585,0.01902,0.01585,0.02219,0.02219,0.01902,0.01902,0.01902,0.01902,0.01902,0.01585,0.01902,0.02219,0.01902,0.0317,0.02219,0.03804,0.03487,0.03487,0.03487,0.03487,0.03804,0.03804,0.04121,0.04121,0.04438,0.04121,0.04121,0.03804,0.04438,0.03804,0.03487,0.04438,0.04438,0.04438,0.04438,0.04121,0.04438,0.04755,0.04755,0.03804,0.03804,0.03487,0.04755,0.04121,0.03804,0.03804,0.03804,0.10817625,0.06379625,0.08598625,0.05745625,0.07330625,0.05428625,0.07330625,0.11451625,0.05428625,0.10500625,0.08281625,0.04160625,0.06062625,0.06379625,0.07330625,0.08915625,0.06062625,0.05428625,0.07013625,0.08281625,0.06696625,0.09232625,0.09549625,0.14621625
2.31944444444444,0.03526625,0.03843625,0.03843625,0.04794625,0.02892625,0.04477625,0.03209625,0.03209625,0.04794625,0.05111625,0.04160625,0.02575625,0.02258625,0.00990624999999998,0.00673624999999997,0.00990624999999998,0.01624625,0.01941625,0.01624625,0.01941625,0.01941625,0.01941625,0.01624625,0.00673624999999997,0.04477625,0.04794625,0.05111625,0.05428625,0.04794625,0.04477625,0.05428625,0.05111625,0.04477625,0.04794625,0.04160625,0.03526625,0.04794625,0.04160625,0.05428625,0.03526625,0.01941625,0.01941625,0.02258625,0.02575625,0.01624625,0.01941625,0.01941625,0.01941625,0.02258625,0.02258625,0.01624625,0.02258625,0.02258625,0.03209625,0.03843625,0.02258625,0.02575625,0.01941625,0.02258625,0.02575625,0.03209625,0.02892625,0.05111625,0.02575625,0.03843625,0.03526625,0.02575625,0.02258625,0.02892625,0.02575625,0.02258625,0.02575625,0.03526625,0.04794625,0.03843625,0.04160625,0.04477625,0.03843625,0.04794625,0.07013625,0.02258625,0.03209625,0.03209625,0.02892625,0.02892625,0.02258625,0.03209625,0.03843625,0.01941625,0.01941625,0.02258625,0.01941625,0.01624625,0.02892625,0.01307625,0.01941625,0.01624625,0.02258625,0.01941625,0.02258625,0.02258625,0.01941625,0.01941625,0.01941625,0.01941625,0.01941625,0.01624625,0.01941625,0.02258625,0.01941625,0.03209625,0.02258625,0.03526625,0.03526625,0.03526625,0.03526625,0.03526625,0.03843625,0.03843625,0.04160625,0.04160625,0.04477625,0.04160625,0.04160625,0.04160625,0.04477625,0.04160625,0.03526625,0.04794625,0.04794625,0.04794625,0.04477625,0.04477625,0.04794625,0.05111625,0.04794625,0.03843625,0.04160625,0.03843625,0.04794625,0.04160625,0.04160625,0.03843625,0.03843625,0.11134625,0.06062625,0.08281625,0.05745625,0.07330625,0.05428625,0.07330625,0.11768625,0.05428625,0.11451625,0.08281625,0.04160625,0.06379625,0.06696625,0.07647625,0.09866625,0.06379625,0.05745625,0.07330625,0.08598625,0.07013625,0.09866625,0.10183625,0.15889625
2.48611111111111,0.03843625,0.03843625,0.03843625,0.04794625,0.03209625,0.04160625,0.03209625,0.03209625,0.04794625,0.03843625,0.04160625,0.01941625,0.01624625,0.01307625,0.00990624999999998,0.00990624999999998,0.01624625,0.01941625,0.01941625,0.01941625,0.01941625,0.01624625,0.01624625,0.01307625,0.04794625,0.05428625,0.05428625,0.05111625,0.04794625,0.04794625,0.05745625,0.05428625,0.04794625,0.04794625,0.04477625,0.03526625,0.05111625,0.04794625,0.05428625,0.05428625,0.01941625,0.01941625,0.01624625,0.01941625,0.01624625,0.02258625,0.01941625,0.01941625,0.02258625,0.02258625,0.01941625,0.02258625,0.02575625,0.02892625,0.03526625,0.02258625,0.02258625,0.01941625,0.01941625,0.02575625,0.03209625,0.02575625,0.05111625,0.02892625,0.03843625,0.03526625,0.02575625,0.01941625,0.02892625,0.02575625,0.02258625,0.02892625,0.03843625,0.04794625,0.04160625,0.04477625,0.04477625,0.03843625,0.04794625,0.07013625,0.03843625,0.03526625,0.03209625,0.02892625,0.03209625,0.02258625,0.03526625,0.03843625,0.02258625,0.01941625,0.02258625,0.01941625,0.01624625,0.03209625,0.01307625,0.01941625,0.01624625,0.02258625,0.01941625,0.02258625,0.02258625,0.01941625,0.01941625,0.01941625,0.01941625,0.02258625,0.01624625,0.01941625,0.02258625,0.01941625,0.03209625,0.02258625,0.03843625,0.03526625,0.03526625,0.03526625,0.03843625,0.03843625,0.03843625,0.04160625,0.04477625,0.04794625,0.04477625,0.04160625,0.04160625,0.04794625,0.04477625,0.03843625,0.04794625,0.04794625,0.05111625,0.04477625,0.04794625,0.05111625,0.05111625,0.05111625,0.04160625,0.04160625,0.04160625,0.04794625,0.04477625,0.04160625,0.03843625,0.04160625,0.12719625,0.07013625,0.09232625,0.06379625,0.07964625,0.05745625,0.07647625,0.12402625,0.06062625,0.12719625,0.08598625,0.04160625,0.06696625,0.07013625,0.07964625,0.10500625,0.07013625,0.06062625,0.07964625,0.08915625,0.07330625,0.10500625,0.10500625,0.17474625
2.65277777777778,0.03804,0.04121,0.03804,0.05072,0.0317,0.04438,0.0317,0.03804,0.05072,0.03804,0.0317,0.02536,0.01585,0.01268,0.00633999999999997,0.00950999999999998,0.01902,0.01902,0.02219,0.01902,0.02219,0.01902,0.01902,0.01268,0.04477625,0.04794625,0.05745625,0.05745625,0.05111625,0.04794625,0.05745625,0.05111625,0.05111625,0.05111625,0.04477625,0.04794625,0.05111625,0.04794625,0.05745625,0.05428625,0.01941625,0.02575625,0.01941625,0.01941625,0.01941625,0.02575625,0.02258625,0.01941625,0.02219,0.02219,0.01902,0.01902,0.02536,0.0317,0.03804,0.02219,0.02536,0.01585,0.02219,0.02536,0.0317,0.02853,0.05072,0.02536,0.03804,0.03804,0.02536,0.01902,0.02536,0.02536,0.02219,0.02536,0.03843625,0.04794625,0.04160625,0.04477625,0.04477625,0.04160625,0.05111625,0.07647625,0.02892625,0.03526625,0.03209625,0.02892625,0.03209625,0.02258625,0.03526625,0.04160625,0.02219,0.02219,0.02219,0.01902,0.01585,0.02219,0.01585,0.01902,0.01941625,0.02258625,0.01941625,0.02258625,0.02258625,0.01941625,0.01941625,0.01941625,0.01941625,0.02258625,0.01624625,0.01941625,0.02258625,0.01941625,0.03209625,0.02575625,0.03843625,0.03843625,0.03526625,0.03526625,0.03843625,0.03843625,0.03843625,0.04160625,0.04794625,0.05111625,0.04794625,0.04794625,0.04477625,0.05111625,0.04477625,0.04160625,0.05111625,0.05111625,0.05111625,0.04477625,0.04794625,0.05111625,0.05428625,0.05428625,0.04160625,0.04477625,0.04160625,0.05111625,0.04477625,0.04477625,0.04160625,0.04477625,0.1268,0.06974,0.09193,0.0634,0.07925,0.05706,0.08242,0.13314,0.06023,0.13948,0.08559,0.04121,0.06974,0.07608,0.08559,0.12046,0.06657,0.06023,0.08242,0.09193,0.07608,0.10778,0.11412,0.18703
2.81944444444444,0.04121,0.04121,0.04121,0.04755,0.0317,0.04755,0.0317,0.03487,0.05389,0.04755,0.0317,0.01902,0.01585,0.01268,0.00950999999999998,0.00950999999999998,0.01585,0.01902,0.01902,0.01902,0.01902,0.01585,0.01268,0.00950999999999998,0.05072,0.06023,0.06023,0.06023,0.05072,0.05072,0.06023,0.05706,0.05072,0.05072,0.04755,0.03804,0.05389,0.04755,0.06023,0.06023,0.01902,0.01902,0.01585,0.01902,0.01902,0.02536,0.02219,0.02219,0.02219,0.02219,0.01902,0.02219,0.02536,0.03804,0.03804,0.02219,0.02536,0.01585,0.02219,0.02536,0.0317,0.02853,0.05072,0.02536,0.04121,0.03487,0.02853,0.02219,0.02853,0.02536,0.02219,0.02536,0.03804,0.05072,0.04438,0.04755,0.04755,0.04121,0.05072,0.07608,0.02853,0.03804,0.0317,0.02853,0.0317,0.02219,0.03804,0.04438,0.02219,0.02219,0.02536,0.01902,0.01585,0.0317,0.01585,0.02219,0.01902,0.02219,0.01902,0.02219,0.02219,0.02219,0.01902,0.01902,0.01902,0.02219,0.01585,0.02219,0.02219,0.02219,0.0317,0.02536,0.03804,0.03804,0.03487,0.03804,0.03804,0.03804,0.03804,0.04438,0.04755,0.05072,0.05072,0.05072,0.04755,0.05389,0.04755,0.03804,0.05389,0.05072,0.05389,0.05072,0.05072,0.05072,0.05389,0.05706,0.04438,0.04438,0.04438,0.05072,0.04755,0.04438,0.04121,0.04438,0.14265,0.07925,0.10461,0.06974,0.09193,0.0634,0.08876,0.13631,0.0634,0.14899,0.08559,0.04438,0.07291,0.08242,0.09193,0.13314,0.06974,0.0634,0.08559,0.09827,0.07925,0.11729,0.12363,0.20605
2.98611111111111,0.04121,0.04438,0.04121,0.05072,0.03487,0.04755,0.0317,0.03487,0.05389,0.03804,0.0317,0.0317,0.01585,0.01268,0.00950999999999998,0.00950999999999998,0.01902,0.01902,0.01902,0.01902,0.01585,0.01902,0.01268,0.00950999999999998,0.03487,0.04438,0.06023,0.06023,0.05389,0.05072,0.0634,0.04121,0.05389,0.04121,0.04755,0.03804,0.05706,0.03804,0.0634,0.05072,0.01902,0.01902,0.01585,0.01902,0.01902,0.01902,0.02219,0.02219,0.02219,0.02536,0.02219,0.02219,0.02536,0.03487,0.03804,0.02219,0.02536,0.01585,0.02219,0.02853,0.03487,0.02853,0.05072,0.02853,0.03804,0.03804,0.02853,0.02219,0.02853,0.02536,0.02219,0.02853,0.03804,0.05072,0.03804,0.04755,0.04755,0.03804,0.05389,0.07608,0.02219,0.0317,0.02219,0.02853,0.0317,0.02219,0.03804,0.04438,0.02536,0.02536,0.02219,0.02219,0.01902,0.02219,0.01902,0.02219,0.01902,0.02219,0.01902,0.02219,0.02219,0.02219,0.01902,0.01902,0.01902,0.02219,0.01585,0.02219,0.02219,0.02219,0.03487,0.02536,0.03804,0.03804,0.03487,0.03804,0.03804,0.03804,0.04121,0.04438,0.05072,0.05389,0.05072,0.05072,0.05072,0.05389,0.05072,0.05072,0.05389,0.05389,0.05389,0.05072,0.05072,0.05389,0.05706,0.05706,0.04438,0.04438,0.04438,0.05389,0.04755,0.04438,0.04438,0.04755,0.15533,0.09193,0.11095,0.07608,0.09827,0.0634,0.0951,0.14899,0.06657,0.16167,0.08876,0.04438,0.07608,0.08559,0.09827,0.14265,0.07608,0.06657,0.09193,0.10461,0.08242,0.1268,0.13314,0.21873
3.15277777777778,0.03804,0.04438,0.04438,0.05389,0.03804,0.05389,0.03804,0.04121,0.04438,0.03804,0.03487,0.01902,0.01585,0.01268,0.00950999999999998,0.01268,0.01902,0.01902,0.01585,0.01902,0.01902,0.01585,0.01585,0.00950999999999998,0.04081375,0.04398375,0.05349375,0.04715375,0.05349375,0.05349375,0.06617375,0.04715375,0.05032375,0.04081375,0.04715375,0.04081375,0.0566637499999999,0.03764375,0.06300375,0.05983375,0.02179375,0.01862375,0.01545375,0.01862375,0.01862375,0.01862375,0.02179375,0.02179375,0.02219,0.02536,0.01902,0.02536,0.02219,0.0317,0.03804,0.02219,0.02219,0.01585,0.02219,0.02853,0.03487,0.02853,0.05389,0.0317,0.03804,0.03487,0.02536,0.02219,0.0317,0.02536,0.02219,0.02853,0.03764375,0.05349375,0.04715375,0.04081375,0.04398375,0.03764375,0.05349375,0.07885375,0.03130375,0.03130375,0.02179375,0.02496375,0.02179375,0.02179375,0.03764375,0.04398375,0.02219,0.02219,0.02536,0.01902,0.01902,0.03487,0.01902,0.01902,0.01862375,0.02179375,0.01862375,0.02179375,0.02179375,0.02179375,0.01862375,0.01862375,0.02179375,0.02179375,0.01545375,0.02179375,0.02179375,0.02179375,0.03130375,0.02496375,0.03764375,0.03764375,0.03764375,0.03764375,0.03764375,0.03764375,0.04081375,0.04398375,0.05349375,0.0566637499999999,0.05349375,0.05349375,0.05349375,0.0566637499999999,0.05032375,0.04715375,0.0566637499999999,0.05349375,0.0566637499999999,0.04715375,0.05349375,0.0566637499999999,0.0566637499999999,0.0566637499999999,0.04715375,0.04715375,0.04715375,0.05349375,0.04715375,0.04715375,0.04398375,0.04715375,0.17118,0.09827,0.12046,0.07925,0.09827,0.06657,0.09827,0.14899,0.07291,0.17118,0.08876,0.04438,0.08242,0.09193,0.10144,0.14582,0.09193,0.06974,0.0951,0.11095,0.08876,0.13631,0.14265,0.23458
3.31944444444444,0.04121,0.04755,0.04438,0.05389,0.03804,0.05389,0.03804,0.04121,0.05706,0.03804,0.0317,0.02219,0.01902,0.00950999999999998,0.00950999999999998,0.01585,0.01585,0.02219,0.02219,0.01902,0.02219,0.01902,0.01268,0.01268,0.05706,0.06023,0.06657,0.05706,0.05706,0.05706,0.0634,0.06657,0.05706,0.05072,0.05072,0.04121,0.05706,0.04121,0.0634,0.05706,0.02219,0.02219,0.01902,0.02853,0.01902,0.02536,0.02219,0.02219,0.02219,0.02536,0.01902,0.02219,0.02536,0.03804,0.03804,0.02219,0.02853,0.01585,0.02219,0.02853,0.03487,0.02536,0.05389,0.02536,0.04121,0.03804,0.02853,0.02536,0.02853,0.02536,0.02536,0.02536,0.04121,0.05389,0.04755,0.05072,0.05072,0.04438,0.05706,0.07925,0.03487,0.03804,0.03487,0.0317,0.0317,0.02219,0.03804,0.04755,0.02536,0.02536,0.02853,0.02219,0.02219,0.03487,0.01585,0.01902,0.01902,0.02219,0.01902,0.02219,0.02219,0.02219,0.01902,0.01902,0.02219,0.02219,0.01585,0.02219,0.02219,0.02219,0.03487,0.02536,0.03804,0.03804,0.03804,0.03804,0.03804,0.03804,0.04121,0.04438,0.05706,0.06023,0.05706,0.05706,0.05389,0.06023,0.05389,0.05389,0.06023,0.05706,0.05706,0.05072,0.05706,0.05706,0.06023,0.06023,0.04755,0.04755,0.04755,0.05706,0.05072,0.04755,0.04755,0.05072,0.18069,0.10144,0.12997,0.08876,0.11095,0.07291,0.11095,0.16167,0.08242,0.18703,0.09193,0.04755,0.08876,0.10144,0.11412,0.16484,0.09193,0.07291,0.10144,0.11729,0.0951,0.14582,0.16167,0.2536
3.48611111111111,0.04121,0.04755,0.04438,0.05706,0.03804,0.05706,0.03804,0.04121,0.06023,0.04121,0.04755,0.02536,0.02219,0.00950999999999998,0.00950999999999998,0.01268,0.01585,0.02219,0.01902,0.02219,0.01902,0.01902,0.01268,0.00950999999999998,0.05706,0.0634,0.06974,0.0634,0.05706,0.05706,0.06974,0.07291,0.05706,0.05706,0.05389,0.04121,0.05706,0.04121,0.0634,0.05706,0.02219,0.02219,0.02853,0.02853,0.01902,0.02536,0.02219,0.02219,0.02219,0.02536,0.02219,0.02536,0.02536,0.0317,0.03804,0.02219,0.02219,0.01585,0.02219,0.02536,0.03487,0.0317,0.05706,0.0317,0.04438,0.03804,0.02853,0.02219,0.0317,0.02853,0.02219,0.0317,0.04121,0.05389,0.05072,0.05072,0.05072,0.04755,0.06023,0.08242,0.02536,0.04121,0.03487,0.0317,0.0317,0.02219,0.04121,0.04755,0.02219,0.02536,0.02536,0.02219,0.01902,0.03804,0.01902,0.02219,0.01902,0.02219,0.01902,0.02536,0.02219,0.02219,0.01902,0.02219,0.02219,0.02219,0.01902,0.02219,0.02219,0.02219,0.03487,0.02536,0.03804,0.03804,0.03804,0.03804,0.03804,0.03804,0.04121,0.04438,0.06023,0.0634,0.06023,0.06023,0.05706,0.0634,0.05706,0.05706,0.06023,0.05706,0.05706,0.05706,0.05706,0.05706,0.06023,0.0634,0.05072,0.05072,0.05072,0.05706,0.05389,0.05072,0.04755,0.05389,0.18703,0.10144,0.12997,0.08559,0.10461,0.07291,0.10461,0.16167,0.07925,0.18069,0.09193,0.04755,0.09193,0.10461,0.11412,0.1585,0.10144,0.07291,0.11095,0.12363,0.10144,0.1585,0.16801,0.25043
3.65277777777778,0.04121,0.04755,0.04755,0.05706,0.04121,0.05072,0.04121,0.03804,0.05389,0.04121,0.03804,0.02219,0.01902,0.00950999999999998,0.00950999999999998,0.01585,0.01902,0.02219,0.01902,0.02219,0.01902,0.01585,0.01902,0.01585,0.06023,0.06974,0.06974,0.06974,0.06023,0.06023,0.06974,0.07291,0.06023,0.05389,0.05389,0.04438,0.06023,0.04121,0.0634,0.06657,0.02219,0.01902,0.02536,0.02853,0.01902,0.02853,0.02219,0.02219,0.02536,0.02536,0.02219,0.02536,0.02536,0.03487,0.03804,0.02219,0.02853,0.01585,0.02536,0.02853,0.03804,0.02536,0.05389,0.02853,0.04121,0.03804,0.02853,0.02536,0.0317,0.02536,0.02536,0.02853,0.04121,0.05706,0.05072,0.05389,0.05389,0.04755,0.06023,0.08242,0.02536,0.04121,0.03487,0.0317,0.0317,0.02536,0.04121,0.05072,0.02536,0.02536,0.02219,0.02219,0.02219,0.0317,0.01902,0.02219,0.01902,0.02219,0.01902,0.02219,0.02219,0.02219,0.01902,0.02219,0.02219,0.02219,0.01902,0.02219,0.02219,0.02219,0.03487,0.02536,0.03804,0.03804,0.03804,0.03804,0.03804,0.03804,0.04121,0.04438,0.06023,0.06657,0.0634,0.0634,0.06023,0.06657,0.06023,0.06657,0.0634,0.06023,0.06023,0.05706,0.05706,0.06023,0.0634,0.0634,0.05072,0.05072,0.05072,0.05706,0.05389,0.05072,0.05072,0.05389,0.19337,0.10144,0.12997,0.08876,0.11095,0.07291,0.11095,0.17435,0.08876,0.20605,0.0951,0.04755,0.10144,0.11412,0.1268,0.17752,0.10778,0.07608,0.11412,0.12997,0.10778,0.16484,0.18703,0.27579
3.81944444444444,0.04081375,0.04715375,0.04398375,0.05666375,0.04081375,0.05349375,0.03764375,0.05032375,0.04715375,0.04081375,0.03447375,0.02179375,0.01545375,0.00911374999999998,0.00911374999999998,0.01228375,0.01545375,0.02179375,0.01545375,0.02179375,0.01862375,0.01862375,0.01862375,0.00911374999999998,0.0634,0.0634,0.0634,0.07291,0.0634,0.05706,0.07291,0.07291,0.06023,0.0634,0.05706,0.04438,0.0634,0.04438,0.06657,0.05706,0.02219,0.02219,0.02536,0.02853,0.01902,0.02853,0.02219,0.02219,0.02179375,0.02496375,0.01862375,0.02179375,0.02496375,0.03130375,0.04081375,0.02496375,0.02813375,0.01862375,0.02496375,0.02813375,0.03764375,0.02496375,0.05666375,0.03130375,0.04081375,0.03764375,0.02813375,0.02496375,0.03130375,0.02496375,0.02496375,0.03130375,0.04121,0.05706,0.05389,0.05706,0.05389,0.05072,0.06023,0.08242,0.02536,0.04438,0.03487,0.03487,0.03487,0.02536,0.04438,0.05389,0.02496375,0.02496375,0.02496375,0.02496375,0.01862375,0.03447375,0.01862375,0.02496375,0.01902,0.02219,0.01902,0.02219,0.02219,0.02219,0.01902,0.02219,0.02219,0.02219,0.01902,0.02219,0.02536,0.02219,0.03487,0.02853,0.04121,0.03804,0.03804,0.03804,0.03804,0.03804,0.04121,0.04438,0.0634,0.06974,0.06657,0.06657,0.06657,0.06974,0.0634,0.06974,0.06657,0.06023,0.06023,0.06023,0.06023,0.0634,0.06657,0.06657,0.05072,0.05389,0.05072,0.06023,0.05389,0.05389,0.05072,0.05706,0.20248375,0.10104375,0.13591375,0.09153375,0.11689375,0.07568375,0.11689375,0.18663375,0.09470375,0.21833375,0.09470375,0.05032375,0.10104375,0.12323375,0.13274375,0.18980375,0.11055375,0.07568375,0.12006375,0.13908375,0.11689375,0.17395375,0.19931375,0.29124375
3.98611111111111,0.04438,0.04755,0.04755,0.05389,0.04121,0.06023,0.04438,0.04121,0.04438,0.04121,0.04438,0.02219,0.01902,0.01585,0.00950999999999998,0.01585,0.01585,0.01902,0.01585,0.01902,0.01585,0.01585,0.01268,0.00950999999999998,0.06657,0.07608,0.07608,0.07608,0.0634,0.06023,0.07608,0.07925,0.0634,0.04755,0.06023,0.04438,0.06657,0.04438,0.05072,0.07291,0.02219,0.02219,0.02219,0.0317,0.01902,0.02219,0.02219,0.02219,0.02536,0.02536,0.01902,0.02219,0.02536,0.03804,0.04121,0.02536,0.02853,0.01585,0.02536,0.02853,0.03804,0.02853,0.05706,0.02853,0.04438,0.03804,0.02853,0.02536,0.0317,0.02853,0.02536,0.02853,0.04121,0.06023,0.05389,0.05706,0.05706,0.05072,0.06657,0.08559,0.0317,0.03804,0.02536,0.03487,0.03487,0.02536,0.04438,0.05389,0.02536,0.02853,0.02853,0.02219,0.01902,0.04121,0.01902,0.02853,0.01902,0.02219,0.01902,0.02536,0.02219,0.02219,0.01902,0.02219,0.02219,0.02219,0.01902,0.02219,0.02536,0.02219,0.03487,0.02853,0.04121,0.03804,0.03804,0.03804,0.03804,0.04121,0.04121,0.04438,0.0634,0.06974,0.06974,0.06974,0.06657,0.07291,0.06974,0.0634,0.06974,0.06023,0.0634,0.06023,0.06023,0.0634,0.06657,0.06974,0.05389,0.05389,0.05072,0.06023,0.05706,0.05389,0.05072,0.05706,0.19654,0.11095,0.14899,0.10461,0.13631,0.08559,0.13314,0.18703,0.0951,0.2219,0.09193,0.05706,0.11095,0.13314,0.14899,0.23141,0.10778,0.07925,0.12363,0.14265,0.12046,0.18386,0.20922,0.32017
4.15277777777778,0.04438,0.05072,0.04755,0.05072,0.03804,0.05706,0.04121,0.06023,0.05072,0.04121,0.03487,0.02219,0.01902,0.00950999999999998,0.00950999999999998,0.01585,0.01585,0.02219,0.01902,0.02219,0.01902,0.01585,0.01902,0.00950999999999998,0.06617375,0.07251375,0.05983375,0.07251375,0.06617375,0.06300375,0.07885375,0.07568375,0.06300375,0.05032375,0.05983375,0.04715375,0.06300375,0.04715375,0.06934375,0.06934375,0.02179375,0.03130375,0.02179375,0.03130375,0.02179375,0.02813375,0.02179375,0.02496375,0.02536,0.02219,0.01902,0.02219,0.02219,0.0317,0.04121,0.02536,0.02853,0.01902,0.02536,0.02536,0.03487,0.02853,0.05706,0.03487,0.04121,0.03804,0.02853,0.02219,0.0317,0.02853,0.02219,0.0317,0.04398375,0.05983375,0.0566637499999999,0.05983375,0.0566637499999999,0.05349375,0.06617375,0.08519375,0.03447375,0.04715375,0.03764375,0.03447375,0.03447375,0.02496375,0.04715375,0.0566637499999999,0.02853,0.02853,0.0317,0.01902,0.01585,0.02536,0.01268,0.02219,0.01862375,0.02179375,0.01862375,0.02496375,0.02179375,0.02179375,0.01862375,0.02179375,0.02179375,0.02179375,0.01862375,0.02179375,0.02496375,0.02179375,0.03447375,0.02813375,0.04081375,0.03764375,0.03764375,0.03764375,0.03764375,0.03764375,0.04081375,0.04398375,0.06934375,0.07568375,0.07568375,0.07251375,0.07251375,0.07568375,0.07251375,0.07251375,0.07251375,0.06300375,0.06300375,0.06300375,0.06617375,0.06617375,0.06934375,0.06934375,0.05349375,0.0566637499999999,0.05349375,0.06300375,0.0566637499999999,0.0566637499999999,0.05349375,0.05983375,0.18386,0.10144,0.14899,0.10144,0.13631,0.08876,0.13948,0.19337,0.0951,0.23458,0.0951,0.06023,0.12046,0.14265,0.16484,0.23141,0.11095,0.07925,0.12997,0.15533,0.13314,0.19337,0.23458,0.33285
4.31944444444444,0.04438,0.05072,0.05072,0.05072,0.04121,0.06023,0.04755,0.04755,0.04755,0.04755,0.03487,0.02219,0.01902,0.00950999999999998,0.00950999999999998,0.01585,0.01585,0.01902,0.01585,0.01902,0.01902,0.01585,0.01268,0.00950999999999998,0.06617375,0.06934375,0.06934375,0.07251375,0.05349375,0.06617375,0.08202375,0.06934375,0.06300375,0.05032375,0.05349375,0.04715375,0.06617375,0.04715375,0.07251375,0.07568375,0.02496375,0.02496375,0.01862375,0.03130375,0.02179375,0.02813375,0.02179375,0.02496375,0.02219,0.02536,0.02219,0.02536,0.02536,0.0317,0.03804,0.02536,0.02536,0.01585,0.02536,0.0317,0.03804,0.02853,0.05706,0.02853,0.04438,0.04121,0.0317,0.02536,0.0317,0.02853,0.02536,0.02853,0.04398375,0.06300375,0.05983375,0.05983375,0.05983375,0.0566637499999999,0.06617375,0.08519375,0.02813375,0.04715375,0.03764375,0.03130375,0.03130375,0.02496375,0.04715375,0.05983375,0.02536,0.02536,0.02853,0.02536,0.01585,0.03804,0.01268,0.0317,0.01862375,0.02179375,0.01862375,0.02496375,0.02179375,0.02179375,0.01862375,0.02179375,0.02179375,0.02179375,0.01862375,0.02179375,0.02496375,0.02179375,0.03447375,0.02813375,0.04081375,0.03764375,0.03764375,0.03764375,0.03764375,0.04081375,0.04081375,0.04398375,0.07568375,0.07885375,0.07885375,0.07568375,0.07568375,0.07885375,0.07568375,0.08519375,0.07251375,0.06617375,0.06617375,0.06300375,0.06617375,0.06934375,0.06934375,0.07251375,0.0566637499999999,0.0566637499999999,0.0566637499999999,0.06300375,0.0566637499999999,0.0566637499999999,0.0566637499999999,0.05983375,0.20605,0.11412,0.15533,0.10144,0.13631,0.08876,0.13314,0.20605,0.09827,0.24726,0.09827,0.06023,0.1268,0.14899,0.16484,0.23458,0.12997,0.08242,0.13631,0.16167,0.14265,0.19971,0.24409,0.34236
4.48611111111111,0.04398375,0.05349375,0.05032375,0.05983375,0.04398375,0.05666375,0.04715375,0.05032375,0.04715375,0.04398375,0.03447375,0.02179375,0.01862375,0.00911374999999998,0.00911374999999998,0.01545375,0.01545375,0.01862375,0.01545375,0.02179375,0.01545375,0.01545375,0.01545375,0.00911374999999998,0.0566637499999999,0.06617375,0.08519375,0.05983375,0.06934375,0.06934375,0.08836375,0.08202375,0.06934375,0.05349375,0.05032375,0.05032375,0.05349375,0.04715375,0.07568375,0.06617375,0.02496375,0.03130375,0.02496375,0.03130375,0.02179375,0.02813375,0.02496375,0.02496375,0.02496375,0.02496375,0.02179375,0.02496375,0.02813375,0.03130375,0.04081375,0.02496375,0.02813375,0.01545375,0.02496375,0.03130375,0.03764375,0.02813375,0.05666375,0.03447375,0.04398375,0.04081375,0.02813375,0.02496375,0.03447375,0.02813375,0.02496375,0.02813375,0.04398375,0.06300375,0.06300375,0.06617375,0.06300375,0.0566637499999999,0.06934375,0.08836375,0.03764375,0.04715375,0.03764375,0.03447375,0.03447375,0.02496375,0.04715375,0.06300375,0.02813375,0.02813375,0.02813375,0.02179375,0.01545375,0.04398375,0.02179375,0.03130375,0.01862375,0.02179375,0.01862375,0.02496375,0.02179375,0.02179375,0.01862375,0.02179375,0.02179375,0.02496375,0.01862375,0.02179375,0.02496375,0.02179375,0.03447375,0.02813375,0.04081375,0.03764375,0.03764375,0.03764375,0.03764375,0.04081375,0.04081375,0.04715375,0.07568375,0.08202375,0.08202375,0.07885375,0.07568375,0.08202375,0.07885375,0.07885375,0.07568375,0.06617375,0.06617375,0.06300375,0.06934375,0.06934375,0.07251375,0.07568375,0.05983375,0.0566637499999999,0.0566637499999999,0.06617375,0.0566637499999999,0.05983375,0.0566637499999999,0.05983375,0.22784375,0.13591375,0.17712375,0.12006375,0.15810375,0.09787375,0.15176375,0.21833375,0.10738375,0.26905375,0.09470375,0.06617375,0.13274375,0.15493375,0.17712375,0.27539375,0.13591375,0.09153375,0.13591375,0.16444375,0.14225375,0.20248375,0.24369375,0.36415375
4.65277777777778,0.04755,0.04755,0.05072,0.06023,0.04438,0.06023,0.04755,0.05389,0.04755,0.04438,0.03487,0.02536,0.01902,0.01268,0.01268,0.02219,0.01585,0.02219,0.01585,0.01902,0.01902,0.01585,0.01268,0.00950999999999998,0.04715375,0.04715375,0.0566637499999999,0.04715375,0.04715375,0.07251375,0.05349375,0.09153375,0.06934375,0.05349375,0.05032375,0.05032375,0.05349375,0.05032375,0.05983375,0.07885375,0.02496375,0.02179375,0.02179375,0.03130375,0.02179375,0.02496375,0.02496375,0.02496375,0.02536,0.02536,0.02219,0.02536,0.02853,0.0317,0.03804,0.02536,0.02219,0.01585,0.02536,0.0317,0.04121,0.02853,0.06023,0.03804,0.04438,0.04121,0.02853,0.02536,0.03487,0.02536,0.02536,0.02853,0.04398375,0.06300375,0.06617375,0.05983375,0.05349375,0.05349375,0.06934375,0.09153375,0.02813375,0.04081375,0.02813375,0.03130375,0.02496375,0.02496375,0.04081375,0.06617375,0.02853,0.0317,0.0317,0.02219,0.01902,0.04121,0.01585,0.0317,0.01862375,0.02179375,0.01862375,0.02496375,0.02179375,0.02179375,0.02179375,0.02179375,0.02179375,0.02496375,0.01862375,0.02179375,0.02496375,0.02179375,0.03447375,0.02813375,0.04081375,0.03764375,0.03764375,0.03764375,0.03764375,0.04081375,0.04081375,0.04715375,0.08202375,0.07251375,0.08519375,0.08202375,0.08519375,0.08836375,0.08519375,0.09153375,0.07885375,0.06934375,0.06934375,0.06617375,0.06300375,0.06934375,0.07568375,0.07251375,0.05983375,0.05983375,0.05983375,0.06617375,0.05349375,0.05349375,0.05983375,0.06300375,0.23141,0.14265,0.1902,0.12363,0.16167,0.10144,0.15216,0.23458,0.10778,0.27896,0.09827,0.0634,0.14265,0.1585,0.18386,0.26945,0.15533,0.0951,0.14265,0.17752,0.15533,0.21556,0.26311,0.36772
4.81944444444444,0.0467575,0.0530975,0.0499275,0.0594375,0.0467575,0.0626075,0.0435875,0.0467575,0.0499275,0.0435875,0.0340775,0.0245675,0.0182275,0.00871749999999999,0.0150575,0.0182275,0.0150575,0.0213975,0.0182275,0.0213975,0.0182275,0.0150575,0.0150575,0.00871749999999999,0.07568375,0.04715375,0.06617375,0.06934375,0.05983375,0.07251375,0.06300375,0.09470375,0.06934375,0.05349375,0.05032375,0.05032375,0.0566637499999999,0.05032375,0.0566637499999999,0.07568375,0.02496375,0.03130375,0.02813375,0.03130375,0.02179375,0.03130375,0.03447375,0.02496375,0.0245675,0.0245675,0.0213975,0.0245675,0.0277375,0.0340775,0.0372475,0.0277375,0.0245675,0.0150575,0.0245675,0.0309075,0.0404175,0.0340775,0.0594375,0.0340775,0.0435875,0.0404175,0.0277375,0.0245675,0.0340775,0.0277375,0.0277375,0.0309075,0.04715375,0.05983375,0.06617375,0.06934375,0.06300375,0.06300375,0.07251375,0.09153375,0.03764375,0.05032375,0.03764375,0.03764375,0.03447375,0.02496375,0.05032375,0.06934375,0.0277375,0.0309075,0.0340775,0.0182275,0.0150575,0.0404175,0.0182275,0.0277375,0.01862375,0.02179375,0.01862375,0.02496375,0.02179375,0.02179375,0.02179375,0.02179375,0.02496375,0.02496375,0.01862375,0.02179375,0.02496375,0.02179375,0.03447375,0.02813375,0.04081375,0.03764375,0.03764375,0.03764375,0.03764375,0.04081375,0.04081375,0.04715375,0.08519375,0.08836375,0.08836375,0.08519375,0.08519375,0.08519375,0.08202375,0.09153375,0.07885375,0.06934375,0.06934375,0.06617375,0.07251375,0.07568375,0.07568375,0.07885375,0.06300375,0.05983375,0.05983375,0.06934375,0.05983375,0.06300375,0.05983375,0.06617375,0.2432975,0.1545375,0.1989175,0.1323475,0.1672175,0.1069875,0.1545375,0.2496375,0.1069875,0.2845075,0.1006475,0.0657775,0.1513675,0.1608775,0.1925775,0.2686575,0.1735575,0.1006475,0.1513675,0.1862375,0.1640475,0.2274475,0.2781675,0.3732675
4.98611111111111,0.04715375,0.05349375,0.05032375,0.05983375,0.04715375,0.06617375,0.04398375,0.05032375,0.05032375,0.05666375,0.03447375,0.02496375,0.01862375,0.00911374999999998,0.01228375,0.02179375,0.01545375,0.01862375,0.01862375,0.01862375,0.01862375,0.01545375,0.01545375,0.00911374999999998,0.05983375,0.05032375,0.06300375,0.08519375,0.06617375,0.06617375,0.07568375,0.09470375,0.06617375,0.0566637499999999,0.0566637499999999,0.05349375,0.0566637499999999,0.05032375,0.0566637499999999,0.07885375,0.02496375,0.03130375,0.02813375,0.03447375,0.02179375,0.02813375,0.03447375,0.02496375,0.02496375,0.02496375,0.02179375,0.02496375,0.02813375,0.03130375,0.04081375,0.02496375,0.02813375,0.01862375,0.02813375,0.03130375,0.04081375,0.03447375,0.05983375,0.03764375,0.04398375,0.04081375,0.03130375,0.02813375,0.03130375,0.02496375,0.02813375,0.03130375,0.04715375,0.06300375,0.06934375,0.07251375,0.06617375,0.06617375,0.07568375,0.09470375,0.04398375,0.05032375,0.03764375,0.03764375,0.03447375,0.02496375,0.05032375,0.06934375,0.02496375,0.03130375,0.03447375,0.02496375,0.01862375,0.03764375,0.01862375,0.03447375,0.01862375,0.02496375,0.01862375,0.02496375,0.02179375,0.02179375,0.02179375,0.02179375,0.02496375,0.02496375,0.01862375,0.02496375,0.02496375,0.02179375,0.03447375,0.03130375,0.04081375,0.03764375,0.03764375,0.03764375,0.03764375,0.04081375,0.04081375,0.04715375,0.09153375,0.09470375,0.09153375,0.08836375,0.08836375,0.09153375,0.09153375,0.09470375,0.08519375,0.07251375,0.07251375,0.06934375,0.07251375,0.07568375,0.07885375,0.08202375,0.05983375,0.06300375,0.05983375,0.06934375,0.06300375,0.06300375,0.06300375,0.06934375,0.25003375,0.16444375,0.20565375,0.13274375,0.17078375,0.10738375,0.15810375,0.26271375,0.10738375,0.30075375,0.10104375,0.06617375,0.15810375,0.16444375,0.20248375,0.26905375,0.18346375,0.10104375,0.16127375,0.19297375,0.17712375,0.23418375,0.29124375,0.38000375
5.15277777777778,0.04715375,0.05666375,0.05349375,0.06300375,0.04715375,0.06617375,0.04715375,0.06617375,0.05032375,0.04398375,0.03764375,0.02496375,0.01862375,0.01228375,0.00911374999999998,0.02179375,0.01862375,0.02179375,0.01545375,0.01862375,0.01862375,0.01545375,0.01545375,0.00911374999999998,0.07885375,0.05032375,0.09470375,0.06934375,0.05032375,0.07885375,0.09153375,0.09470375,0.06300375,0.0566637499999999,0.06300375,0.05349375,0.0566637499999999,0.05349375,0.0566637499999999,0.07251375,0.02813375,0.03130375,0.02813375,0.03447375,0.02179375,0.03130375,0.03447375,0.02813375,0.02496375,0.02813375,0.02496375,0.02496375,0.02813375,0.03447375,0.03764375,0.02496375,0.02496375,0.01862375,0.02496375,0.03130375,0.04398375,0.03447375,0.05666375,0.03764375,0.04398375,0.04081375,0.02813375,0.02813375,0.03447375,0.02813375,0.02813375,0.03447375,0.05349375,0.06300375,0.07251375,0.07568375,0.06934375,0.06934375,0.07568375,0.09153375,0.05032375,0.05032375,0.03764375,0.03764375,0.03447375,0.02496375,0.05032375,0.07251375,0.02813375,0.03130375,0.03130375,0.02813375,0.01862375,0.04081375,0.02179375,0.03764375,0.02179375,0.02179375,0.01862375,0.02496375,0.02179375,0.02179375,0.02179375,0.02179375,0.02496375,0.02496375,0.01862375,0.02179375,0.02496375,0.02179375,0.03447375,0.03130375,0.04081375,0.03764375,0.03764375,0.03764375,0.03764375,0.04081375,0.04081375,0.04715375,0.09470375,0.09470375,0.09470375,0.09153375,0.09153375,0.09470375,0.08836375,0.10738375,0.08519375,0.07251375,0.07251375,0.06934375,0.07568375,0.07568375,0.08202375,0.08519375,0.06300375,0.06300375,0.06300375,0.06934375,0.06617375,0.06300375,0.06300375,0.06934375,0.26271375,0.16761375,0.21516375,0.14225375,0.18663375,0.11689375,0.17395375,0.26588375,0.12323375,0.31026375,0.10104375,0.07251375,0.16761375,0.16761375,0.21516375,0.30075375,0.19297375,0.10421375,0.16444375,0.20248375,0.18346375,0.24052375,0.30392375,0.41170375
5.31944444444444,0.04715375,0.05666375,0.05349375,0.05666375,0.04715375,0.06617375,0.05032375,0.08519375,0.05032375,0.04398375,0.03764375,0.02496375,0.01862375,0.01228375,0.00911374999999998,0.02179375,0.01545375,0.01862375,0.01862375,0.02179375,0.01862375,0.01545375,0.01545375,0.00911374999999998,0.05389,0.05389,0.0634,0.05389,0.05072,0.06974,0.09827,0.09827,0.0634,0.05706,0.06657,0.05389,0.0634,0.05389,0.06023,0.08242,0.02853,0.0317,0.0317,0.03487,0.02219,0.0317,0.03487,0.02853,0.02496375,0.02813375,0.02496375,0.02813375,0.02813375,0.03447375,0.04081375,0.02813375,0.02496375,0.01862375,0.02813375,0.03130375,0.04398375,0.03130375,0.05983375,0.03764375,0.04715375,0.04081375,0.03130375,0.02813375,0.03447375,0.02496375,0.02813375,0.03130375,0.05706,0.0634,0.07608,0.07925,0.07291,0.07291,0.07925,0.09193,0.03804,0.05389,0.03804,0.03804,0.03487,0.0317,0.05389,0.07608,0.02813375,0.03130375,0.03764375,0.02813375,0.01862375,0.03130375,0.02496375,0.03764375,0.02219,0.02536,0.01902,0.02536,0.02219,0.02219,0.02219,0.02219,0.02536,0.02536,0.01902,0.02219,0.02536,0.02536,0.03804,0.0317,0.04121,0.03804,0.03804,0.03804,0.03804,0.04121,0.04121,0.04755,0.09827,0.10144,0.10144,0.09827,0.09827,0.10144,0.09193,0.10461,0.08876,0.07291,0.07291,0.07291,0.07608,0.08242,0.08559,0.08876,0.0634,0.06657,0.0634,0.07291,0.06657,0.06657,0.06657,0.07291,0.25637375,0.16127375,0.21199375,0.14225375,0.18346375,0.11689375,0.17395375,0.27539375,0.12323375,0.30709375,0.10104375,0.07568375,0.17712375,0.16761375,0.22467375,0.29758375,0.20882375,0.10421375,0.17712375,0.21199375,0.19297375,0.25320375,0.31660375,0.40853375
5.48611111111111,0.0499275,0.0530975,0.0530975,0.0626075,0.0467575,0.0657775,0.0499275,0.0721175,0.0499275,0.0435875,0.0530975,0.0245675,0.0182275,0.0118875,0.00871749999999999,0.0213975,0.0150575,0.0182275,0.0182275,0.0182275,0.0182275,0.0150575,0.0150575,0.0118875,0.0566637499999999,0.05349375,0.06300375,0.05349375,0.05032375,0.05349375,0.06617375,0.10104375,0.06300375,0.05983375,0.06617375,0.0566637499999999,0.05983375,0.05349375,0.05983375,0.08836375,0.02813375,0.02179375,0.02179375,0.03447375,0.02179375,0.03130375,0.03447375,0.02813375,0.0245675,0.0277375,0.0245675,0.0245675,0.0277375,0.0340775,0.0404175,0.0277375,0.0277375,0.0182275,0.0277375,0.0277375,0.0435875,0.0340775,0.0594375,0.0372475,0.0435875,0.0404175,0.0309075,0.0245675,0.0340775,0.0277375,0.0245675,0.0340775,0.06617375,0.06300375,0.07885375,0.08202375,0.07251375,0.07568375,0.07885375,0.09153375,0.03447375,0.05349375,0.02813375,0.03764375,0.02813375,0.02496375,0.05349375,0.07568375,0.0309075,0.0309075,0.0340775,0.0277375,0.0245675,0.0435875,0.0245675,0.0372475,0.02179375,0.02179375,0.02179375,0.02496375,0.02179375,0.02179375,0.02179375,0.02496375,0.02496375,0.02496375,0.01862375,0.02496375,0.02496375,0.02496375,0.03764375,0.03130375,0.04081375,0.03764375,0.03764375,0.03764375,0.04081375,0.04081375,0.04081375,0.04715375,0.10104375,0.10421375,0.10421375,0.10421375,0.10104375,0.10738375,0.09153375,0.11055375,0.09153375,0.07568375,0.07568375,0.07568375,0.07885375,0.08202375,0.08519375,0.08836375,0.06617375,0.06617375,0.06617375,0.07568375,0.06934375,0.06617375,0.06300375,0.07251375,0.2686575,0.1577075,0.2084275,0.1450275,0.1925775,0.1228375,0.1830675,0.2813375,0.1418575,0.3225475,0.0974775,0.0784575,0.1894075,0.1703875,0.2432975,0.3193775,0.2274475,0.1038175,0.1862375,0.2179375,0.2020875,0.2591475,0.3352275,0.4334975
5.65277777777778,0.05032375,0.05666375,0.05349375,0.06300375,0.05032375,0.06617375,0.05032375,0.06617375,0.05032375,0.04398375,0.03764375,0.02496375,0.01862375,0.01228375,0.00911374999999998,0.02179375,0.01862375,0.01862375,0.01862375,0.01862375,0.01545375,0.01545375,0.01545375,0.00911374999999998,0.0562674999999999,0.0530975,0.0626075,0.0530975,0.0530975,0.0847975,0.0816275,0.0879675,0.0626075,0.0594375,0.0626075,0.0562674999999999,0.0626075,0.0562674999999999,0.0626075,0.0911375,0.0277375,0.0309075,0.0213975,0.0340775,0.0245675,0.0309075,0.0340775,0.0277375,0.02813375,0.02813375,0.02496375,0.02813375,0.02813375,0.03447375,0.04081375,0.02813375,0.02813375,0.01862375,0.02813375,0.02813375,0.04715375,0.03447375,0.05983375,0.04081375,0.04715375,0.04081375,0.03130375,0.02813375,0.03447375,0.02813375,0.02813375,0.03447375,0.0689475,0.0626075,0.0816275,0.0847975,0.0752875,0.0784575,0.0816275,0.1006475,0.0467575,0.0530975,0.0372475,0.0372475,0.0340775,0.0245675,0.0530975,0.0816275,0.03130375,0.03447375,0.03447375,0.02813375,0.02179375,0.04715375,0.01862375,0.03447375,0.0213975,0.0245675,0.0182275,0.0245675,0.0245675,0.0213975,0.0213975,0.0245675,0.0245675,0.0245675,0.0182275,0.0245675,0.0245675,0.0245675,0.0372475,0.0309075,0.0404175,0.0372475,0.0372475,0.0372475,0.0404175,0.0404175,0.0404175,0.0467575,0.1038175,0.1101575,0.1101575,0.1069875,0.1006475,0.1069875,0.1101575,0.1133275,0.0943075,0.0752875,0.0784575,0.0752875,0.0784575,0.0847975,0.0879675,0.0911375,0.0689475,0.0689475,0.0657775,0.0752875,0.0689475,0.0689475,0.0689475,0.0752875,0.26905375,0.17712375,0.22150375,0.15176375,0.19614375,0.12957375,0.18346375,0.29441375,0.13908375,0.31977375,0.10104375,0.07568375,0.18980375,0.17078375,0.24369375,0.32611375,0.24052375,0.11055375,0.19614375,0.23101375,0.21199375,0.27539375,0.34830375,0.44023375
5.81944444444444,0.0499275,0.0562675,0.0530975,0.0626075,0.0467575,0.0657775,0.0499275,0.0626075,0.0530975,0.0467575,0.0435875,0.0245675,0.0213975,0.0118875,0.0118875,0.0182275,0.0182275,0.0213975,0.0182275,0.0182275,0.0182275,0.0150575,0.0150575,0.0118875,0.0562674999999999,0.0562674999999999,0.0657775,0.0562674999999999,0.0657775,0.0626075,0.1038175,0.0911375,0.0657775,0.0594375,0.0689475,0.0594375,0.0689475,0.0562674999999999,0.0626075,0.0847975,0.0277375,0.0340775,0.0309075,0.0277375,0.0245675,0.0340775,0.0372475,0.0277375,0.0245675,0.0277375,0.0245675,0.0277375,0.0277375,0.0340775,0.0404175,0.0277375,0.0309075,0.0182275,0.0309075,0.0309075,0.0467575,0.0372475,0.0626075,0.0340775,0.0467575,0.0404175,0.0309075,0.0245675,0.0372475,0.0309075,0.0277375,0.0309075,0.0816275,0.0626075,0.0847975,0.0879675,0.0784575,0.0816275,0.0816275,0.1006475,0.0467575,0.0562674999999999,0.0404175,0.0404175,0.0340775,0.0245675,0.0562674999999999,0.0816275,0.0309075,0.0340775,0.0245675,0.0277375,0.0182275,0.0467575,0.0245675,0.0340775,0.0213975,0.0245675,0.0213975,0.0245675,0.0245675,0.0213975,0.0213975,0.0245675,0.0245675,0.0245675,0.0182275,0.0245675,0.0245675,0.0245675,0.0372475,0.0309075,0.0404175,0.0404175,0.0372475,0.0372475,0.0404175,0.0404175,0.0404175,0.0467575,0.1069875,0.1133275,0.1133275,0.1133275,0.1133275,0.1133275,0.1133275,0.1133275,0.0943075,0.0784575,0.0784575,0.0784575,0.0816275,0.0847975,0.0879675,0.0911375,0.0689475,0.0689475,0.0689475,0.0784575,0.0657775,0.0689475,0.0689475,0.0752875,0.2749975,0.1830675,0.2369575,0.1672175,0.2115975,0.1386875,0.1989175,0.3066975,0.1450275,0.3257175,0.1006475,0.0879675,0.2052575,0.1735575,0.2686575,0.3510775,0.2528075,0.1164975,0.2020875,0.2432975,0.2211075,0.2845075,0.3700975,0.4588575
5.98611111111111,0.0499275,0.0530975,0.0530975,0.0626075,0.0499275,0.0594375,0.0499275,0.0626075,0.0530975,0.0467575,0.0372475,0.0245675,0.0213975,0.0118875,0.00871749999999999,0.0213975,0.0150575,0.0182275,0.0182275,0.0182275,0.0182275,0.0150575,0.0150575,0.0118875,0.05983375,0.0566637499999999,0.06934375,0.0566637499999999,0.06934375,0.07251375,0.10104375,0.09153375,0.06617375,0.06300375,0.06934375,0.05983375,0.06934375,0.0566637499999999,0.06300375,0.08202375,0.02813375,0.03447375,0.02179375,0.03447375,0.02496375,0.03447375,0.03447375,0.02813375,0.0277375,0.0277375,0.0245675,0.0277375,0.0277375,0.0340775,0.0404175,0.0277375,0.0309075,0.0182275,0.0309075,0.0309075,0.0435875,0.0340775,0.0626075,0.0404175,0.0467575,0.0404175,0.0309075,0.0277375,0.0340775,0.0277375,0.0277375,0.0340775,0.08836375,0.06617375,0.08836375,0.08836375,0.07885375,0.08519375,0.08519375,0.10421375,0.04715375,0.0566637499999999,0.03130375,0.04081375,0.03764375,0.02496375,0.0566637499999999,0.08519375,0.0277375,0.0340775,0.0372475,0.0277375,0.0245675,0.0467575,0.0150575,0.0372475,0.02179375,0.02496375,0.02179375,0.02496375,0.02496375,0.02179375,0.02179375,0.02496375,0.02496375,0.02496375,0.01862375,0.02496375,0.02496375,0.02496375,0.03764375,0.03130375,0.04081375,0.04081375,0.03764375,0.03764375,0.04081375,0.04081375,0.04081375,0.04715375,0.11055375,0.12006375,0.11372375,0.11055375,0.09470375,0.11689375,0.11055375,0.11372375,0.10104375,0.07885375,0.08202375,0.07885375,0.08519375,0.08836375,0.09153375,0.09787375,0.07251375,0.07251375,0.06934375,0.07885375,0.07251375,0.07251375,0.06934375,0.07885375,0.2876775,0.1830675,0.2401275,0.1767275,0.2306175,0.1450275,0.2115975,0.3098675,0.1608775,0.3257175,0.1006475,0.1006475,0.2242775,0.1830675,0.2876775,0.3796075,0.2623175,0.1196675,0.2115975,0.2591475,0.2337875,0.2971875,0.3891175,0.4905575
6.15277777777778,0.0499275,0.0562675,0.0562675,0.0657775,0.0499275,0.0689475,0.0530975,0.0721175,0.0530975,0.0467575,0.0372475,0.0245675,0.0213975,0.0118875,0.0150575,0.0182275,0.0182275,0.0213975,0.0182275,0.0182275,0.0182275,0.0150575,0.0150575,0.0118875,0.0594375,0.0562674999999999,0.0689475,0.0594375,0.0689475,0.0752875,0.0816275,0.0879675,0.0689475,0.0626075,0.0594375,0.0594375,0.0721175,0.0594375,0.0657775,0.0816275,0.0277375,0.0340775,0.0309075,0.0372475,0.0245675,0.0340775,0.0372475,0.0277375,0.0277375,0.0277375,0.0245675,0.0277375,0.0277375,0.0340775,0.0404175,0.0277375,0.0309075,0.0182275,0.0277375,0.0309075,0.0467575,0.0372475,0.0626075,0.0404175,0.0467575,0.0404175,0.0277375,0.0277375,0.0340775,0.0277375,0.0277375,0.0309075,0.0974775,0.0626075,0.0911375,0.0911375,0.0847975,0.0911375,0.0816275,0.1006475,0.0404175,0.0562674999999999,0.0372475,0.0404175,0.0372475,0.0277375,0.0594375,0.0879675,0.0309075,0.0340775,0.0245675,0.0245675,0.0213975,0.0435875,0.0182275,0.0372475,0.0213975,0.0245675,0.0213975,0.0245675,0.0245675,0.0213975,0.0213975,0.0245675,0.0245675,0.0245675,0.0182275,0.0245675,0.0245675,0.0245675,0.0372475,0.0340775,0.0404175,0.0372475,0.0372475,0.0372475,0.0404175,0.0404175,0.0404175,0.0467575,0.1196675,0.1164975,0.1196675,0.1196675,0.1196675,0.1228375,0.1164975,0.1228375,0.1006475,0.0816275,0.0816275,0.0816275,0.0847975,0.0911375,0.0911375,0.0974775,0.0721175,0.0721175,0.0721175,0.0784575,0.0752875,0.0721175,0.0721175,0.0784575,0.2781675,0.1767275,0.2369575,0.1735575,0.2211075,0.1418575,0.2147675,0.3162075,0.1608775,0.3225475,0.1006475,0.1038175,0.2306175,0.1862375,0.2971875,0.3827775,0.2686575,0.1133275,0.2179375,0.2654875,0.2496375,0.3066975,0.4017975,0.4937275
6.31944444444444,0.0499275,0.0562675,0.0562675,0.0626075,0.0499275,0.0657775,0.0467575,0.0816275,0.0530975,0.0467575,0.0404175,0.0277375,0.0213975,0.0118875,0.0118875,0.0213975,0.0150575,0.0213975,0.0182275,0.0182275,0.0182275,0.0150575,0.0150575,0.0118875,0.06300375,0.05983375,0.07251375,0.05983375,0.06300375,0.07885375,0.07885375,0.09470375,0.06934375,0.06300375,0.05983375,0.05983375,0.07568375,0.05983375,0.06617375,0.08836375,0.03130375,0.03447375,0.03447375,0.03764375,0.02496375,0.03447375,0.03447375,0.03130375,0.0277375,0.0277375,0.0213975,0.0277375,0.0277375,0.0404175,0.0404175,0.0309075,0.0309075,0.0182275,0.0309075,0.0340775,0.0467575,0.0309075,0.0626075,0.0372475,0.0467575,0.0372475,0.0309075,0.0245675,0.0372475,0.0277375,0.0277375,0.0340775,0.10421375,0.06617375,0.09470375,0.09153375,0.08202375,0.09470375,0.08836375,0.10421375,0.05983375,0.05983375,0.04081375,0.04081375,0.03447375,0.02813375,0.05983375,0.09153375,0.0309075,0.0340775,0.0372475,0.0277375,0.0277375,0.0372475,0.0182275,0.0404175,0.02179375,0.02496375,0.02179375,0.02496375,0.02496375,0.02179375,0.02179375,0.02496375,0.02496375,0.02496375,0.01862375,0.02496375,0.02496375,0.02496375,0.03764375,0.03447375,0.04081375,0.04081375,0.03764375,0.03764375,0.04081375,0.04081375,0.04081375,0.04715375,0.12323375,0.12957375,0.12323375,0.12640375,0.11689375,0.13274375,0.12640375,0.13591375,0.10421375,0.08202375,0.08202375,0.08202375,0.08519375,0.09153375,0.09470375,0.10104375,0.07568375,0.07251375,0.07251375,0.08202375,0.07568375,0.07568375,0.07251375,0.07568375,0.2971875,0.1735575,0.2401275,0.1767275,0.2306175,0.1513675,0.2274475,0.3257175,0.1703875,0.3320575,0.1006475,0.1164975,0.2496375,0.1862375,0.3193775,0.4176475,0.2813375,0.1196675,0.2274475,0.2781675,0.2559775,0.3162075,0.4176475,0.5190875
6.48611111111111,0.05270125,0.05587125,0.05587125,0.06538125,0.04953125,0.06855125,0.04953125,0.09074125,0.05270125,0.04953125,0.04319125,0.02734125,0.02100125,0.01149125,0.01149125,0.01783125,0.01783125,0.01783125,0.01783125,0.01783125,0.01783125,0.01466125,0.01466125,0.01149125,0.06300375,0.05983375,0.07251375,0.06300375,0.05983375,0.08202375,0.08202375,0.08836375,0.06934375,0.06617375,0.06300375,0.06300375,0.07885375,0.05983375,0.06934375,0.08836375,0.03130375,0.03447375,0.03130375,0.03764375,0.02496375,0.03447375,0.03764375,0.03130375,0.02734125,0.02734125,0.02417125,0.02734125,0.02734125,0.04002125,0.04002125,0.03051125,0.03051125,0.01783125,0.03051125,0.02734125,0.04636125,0.02734125,0.06538125,0.04319125,0.04636125,0.04002125,0.03051125,0.02734125,0.03685125,0.02734125,0.02734125,0.03685125,0.11055375,0.06617375,0.09787375,0.09470375,0.08519375,0.09787375,0.08519375,0.09470375,0.04398375,0.05983375,0.04081375,0.04081375,0.03764375,0.02813375,0.05983375,0.09470375,0.03051125,0.03368125,0.02417125,0.03051125,0.02734125,0.04002125,0.02417125,0.03368125,0.02179375,0.02496375,0.02179375,0.02496375,0.02496375,0.02179375,0.02179375,0.02496375,0.02813375,0.02496375,0.01862375,0.02496375,0.02496375,0.02496375,0.03764375,0.03447375,0.04081375,0.03764375,0.03764375,0.03764375,0.03764375,0.04081375,0.04081375,0.04715375,0.12323375,0.12957375,0.13274375,0.13591375,0.11689375,0.13274375,0.13274375,0.14225375,0.10738375,0.08519375,0.08519375,0.08519375,0.08836375,0.09470375,0.09787375,0.10104375,0.07568375,0.07568375,0.07568375,0.08519375,0.07885375,0.07568375,0.07568375,0.07885375,0.27777125,0.19535125,0.25875125,0.18584125,0.23973125,0.16048125,0.24290125,0.33483125,0.16682125,0.34117125,0.10342125,0.11610125,0.25875125,0.18901125,0.32849125,0.42359125,0.30630125,0.13195125,0.23656125,0.29045125,0.26192125,0.33483125,0.42993125,0.52820125
6.65277777777778,0.0499275,0.0594375,0.0562675,0.0626075,0.0530975,0.0689475,0.0499275,0.0562675,0.0530975,0.0467575,0.0372475,0.0277375,0.0213975,0.0118875,0.0118875,0.0213975,0.0150575,0.0213975,0.0182275,0.0182275,0.0182275,0.0150575,0.0150575,0.0118875,0.06538125,0.06221125,0.07489125,0.06221125,0.06221125,0.08440125,0.07489125,0.08440125,0.07172125,0.06538125,0.06221125,0.06221125,0.08123125,0.06221125,0.06855125,0.10342125,0.03051125,0.03685125,0.02100125,0.03685125,0.02417125,0.03368125,0.03685125,0.03051125,0.0277375,0.0277375,0.0245675,0.0277375,0.0277375,0.0404175,0.0404175,0.0277375,0.0309075,0.0182275,0.0309075,0.0340775,0.0499275,0.0340775,0.0657775,0.0435875,0.0467575,0.0404175,0.0309075,0.0277375,0.0372475,0.0309075,0.0277375,0.0340775,0.11293125,0.06538125,0.09708125,0.09708125,0.08440125,0.09708125,0.08757125,0.10659125,0.03368125,0.05904125,0.03051125,0.04002125,0.03368125,0.02734125,0.05904125,0.09391125,0.0340775,0.0340775,0.0372475,0.0277375,0.0277375,0.0467575,0.0277375,0.0372475,0.02100125,0.02417125,0.02100125,0.02417125,0.02417125,0.02100125,0.02100125,0.02417125,0.02734125,0.02734125,0.01783125,0.02417125,0.02734125,0.02417125,0.03685125,0.03368125,0.04002125,0.03685125,0.03685125,0.03685125,0.04002125,0.04002125,0.04319125,0.04636125,0.13512125,0.14146125,0.14146125,0.13829125,0.13829125,0.13512125,0.13829125,0.14780125,0.10976125,0.08440125,0.08757125,0.08440125,0.09074125,0.09391125,0.09708125,0.10342125,0.07806125,0.07489125,0.07489125,0.08123125,0.07489125,0.07806125,0.07489125,0.07806125,0.2845075,0.2084275,0.2749975,0.1989175,0.2528075,0.1703875,0.2496375,0.3479075,0.1735575,0.3510775,0.1069875,0.1291775,0.2813375,0.1925775,0.3479075,0.4430075,0.3352275,0.1418575,0.2464675,0.3098675,0.2813375,0.3510775,0.4493475,0.5381075
6.81944444444444,0.05270125,0.05904125,0.05587125,0.06855125,0.04953125,0.06538125,0.05270125,0.05904125,0.05270125,0.04636125,0.04002125,0.02734125,0.02100125,0.01149125,0.01149125,0.02100125,0.01466125,0.02417125,0.01783125,0.01783125,0.01783125,0.01466125,0.01466125,0.01149125,0.0657775,0.0626075,0.0752875,0.0626075,0.0626075,0.0847975,0.0784575,0.0816275,0.0721175,0.0657775,0.0626075,0.0626075,0.0847975,0.0626075,0.0689475,0.1069875,0.0309075,0.0372475,0.0213975,0.0372475,0.0245675,0.0340775,0.0372475,0.0309075,0.02734125,0.02734125,0.02417125,0.02734125,0.03051125,0.04636125,0.04319125,0.02734125,0.03051125,0.01783125,0.03051125,0.03051125,0.04953125,0.03368125,0.06221125,0.04319125,0.04636125,0.04319125,0.03368125,0.02734125,0.03368125,0.03051125,0.02734125,0.03368125,0.1196675,0.0657775,0.1006475,0.1006475,0.0879675,0.1006475,0.0879675,0.1006475,0.0499275,0.0626075,0.0404175,0.0435875,0.0372475,0.0277375,0.0594375,0.0974775,0.03051125,0.03368125,0.04002125,0.02734125,0.01783125,0.04953125,0.02417125,0.04002125,0.0213975,0.0245675,0.0213975,0.0245675,0.0245675,0.0245675,0.0213975,0.0245675,0.0277375,0.0245675,0.0182275,0.0245675,0.0245675,0.0245675,0.0372475,0.0340775,0.0404175,0.0372475,0.0372475,0.0372475,0.0372475,0.0404175,0.0404175,0.0467575,0.1291775,0.1450275,0.1450275,0.1450275,0.1418575,0.1481975,0.1481975,0.1545375,0.1101575,0.0879675,0.0879675,0.0879675,0.0911375,0.0974775,0.1006475,0.1069875,0.0784575,0.0784575,0.0752875,0.0847975,0.0784575,0.0784575,0.0784575,0.0816275,0.28094125,0.21754125,0.28094125,0.20486125,0.25875125,0.16999125,0.24607125,0.35068125,0.17633125,0.35385125,0.10976125,0.14146125,0.29045125,0.20169125,0.36653125,0.45529125,0.34117125,0.14463125,0.25241125,0.32215125,0.28728125,0.36336125,0.46163125,0.55039125
6.98611111111111,0.0530975,0.0594375,0.0562675,0.0689475,0.0530975,0.0689475,0.0530975,0.0847975,0.0530975,0.0467575,0.0372475,0.0277375,0.0213975,0.0182275,0.0150575,0.0213975,0.0182275,0.0213975,0.0182275,0.0182275,0.0182275,0.0150575,0.0150575,0.0118875,0.0689475,0.0626075,0.0784575,0.0657775,0.0657775,0.0879675,0.0816275,0.0847975,0.0752875,0.0689475,0.0657775,0.0657775,0.0879675,0.0626075,0.0689475,0.1069875,0.0309075,0.0245675,0.0213975,0.0372475,0.0340775,0.0372475,0.0404175,0.0309075,0.0277375,0.0277375,0.0245675,0.0277375,0.0309075,0.0435875,0.0435875,0.0277375,0.0309075,0.0182275,0.0340775,0.0309075,0.0467575,0.0372475,0.0657775,0.0372475,0.0499275,0.0435875,0.0309075,0.0309075,0.0340775,0.0277375,0.0245675,0.0372475,0.1260075,0.0689475,0.1006475,0.1006475,0.0847975,0.1006475,0.0879675,0.1038175,0.0467575,0.0626075,0.0309075,0.0435875,0.0372475,0.0277375,0.0594375,0.0974775,0.0340775,0.0340775,0.0404175,0.0309075,0.0213975,0.0340775,0.0277375,0.0372475,0.0213975,0.0245675,0.0213975,0.0245675,0.0245675,0.0213975,0.0213975,0.0245675,0.0277375,0.0245675,0.0182275,0.0245675,0.0277375,0.0245675,0.0372475,0.0340775,0.0404175,0.0372475,0.0372475,0.0372475,0.0372475,0.0404175,0.0404175,0.0467575,0.1323475,0.1418575,0.1481975,0.1386875,0.1481975,0.1545375,0.1481975,0.1577075,0.1133275,0.0879675,0.0879675,0.0879675,0.0943075,0.0974775,0.1038175,0.1069875,0.0816275,0.0784575,0.0784575,0.0879675,0.0784575,0.0784575,0.0784575,0.0847975,0.2623175,0.2147675,0.2749975,0.2052575,0.2528075,0.1735575,0.2528075,0.3605875,0.1735575,0.3605875,0.1133275,0.1355175,0.3098675,0.2052575,0.3700975,0.4303275,0.3796075,0.1545375,0.2686575,0.3415675,0.3162075,0.3827775,0.4747075,0.5381075
7.15277777777778,0.0530975,0.0594375,0.0594375,0.0626075,0.0530975,0.0752875,0.0530975,0.0626075,0.0530975,0.0467575,0.0467575,0.0277375,0.0213975,0.0182275,0.0118875,0.0213975,0.0182275,0.0182275,0.0182275,0.0182275,0.0182275,0.0150575,0.0150575,0.0118875,0.06855125,0.06538125,0.07806125,0.06538125,0.06855125,0.09074125,0.09708125,0.08123125,0.07489125,0.06855125,0.06538125,0.06538125,0.08757125,0.06538125,0.07172125,0.10025125,0.03368125,0.03685125,0.02417125,0.03685125,0.03368125,0.03368125,0.04002125,0.03368125,0.0245675,0.0277375,0.0245675,0.0277375,0.0309075,0.0435875,0.0435875,0.0277375,0.0309075,0.0182275,0.0309075,0.0340775,0.0499275,0.0372475,0.0657775,0.0435875,0.0499275,0.0404175,0.0340775,0.0309075,0.0340775,0.0277375,0.0245675,0.0340775,0.12561125,0.06538125,0.09708125,0.10342125,0.08440125,0.10025125,0.08757125,0.10025125,0.04002125,0.05904125,0.03685125,0.04002125,0.03685125,0.02734125,0.06221125,0.10342125,0.0340775,0.0372475,0.0340775,0.0309075,0.0309075,0.0435875,0.0277375,0.0404175,0.02100125,0.02417125,0.02100125,0.02734125,0.02417125,0.02100125,0.02100125,0.02417125,0.02734125,0.02734125,0.02100125,0.02417125,0.02734125,0.02417125,0.03685125,0.03368125,0.04002125,0.03685125,0.03685125,0.03685125,0.03685125,0.04002125,0.04002125,0.04636125,0.13512125,0.14463125,0.16048125,0.13829125,0.16048125,0.16048125,0.14780125,0.16682125,0.11610125,0.09074125,0.09074125,0.09074125,0.09708125,0.10025125,0.10342125,0.11293125,0.08123125,0.08123125,0.07172125,0.08757125,0.08123125,0.08123125,0.07806125,0.08757125,0.2337875,0.2084275,0.2686575,0.2020875,0.2496375,0.1735575,0.2432975,0.3605875,0.1767275,0.3574175,0.1133275,0.1355175,0.3098675,0.2052575,0.3637575,0.4049675,0.4081375,0.1545375,0.2845075,0.3542475,0.3288875,0.3986275,0.4810475,0.5190875
7.31944444444444,0.0530975,0.0594375,0.0594375,0.0689475,0.0530975,0.0752875,0.0530975,0.0689475,0.0530975,0.0530975,0.0404175,0.0277375,0.0213975,0.0182275,0.0150575,0.0213975,0.0182275,0.0182275,0.0182275,0.0182275,0.0182275,0.0150575,0.0150575,0.0118875,0.07172125,0.06538125,0.08123125,0.06855125,0.06855125,0.09391125,0.09391125,0.08123125,0.07489125,0.06855125,0.06855125,0.06538125,0.08757125,0.06538125,0.07172125,0.10659125,0.03368125,0.02734125,0.02417125,0.04002125,0.03368125,0.03368125,0.03685125,0.04002125,0.0277375,0.0277375,0.0245675,0.0277375,0.0309075,0.0435875,0.0435875,0.0277375,0.0309075,0.0182275,0.0309075,0.0309075,0.0499275,0.0372475,0.0626075,0.0404175,0.0499275,0.0435875,0.0309075,0.0309075,0.0372475,0.0309075,0.0309075,0.0372475,0.12878125,0.06855125,0.10659125,0.10025125,0.08123125,0.10342125,0.08757125,0.10659125,0.04319125,0.06221125,0.03051125,0.04002125,0.02734125,0.02734125,0.05904125,0.10342125,0.0277375,0.0372475,0.0340775,0.0245675,0.0182275,0.0372475,0.0182275,0.0404175,0.02100125,0.02417125,0.02100125,0.02417125,0.02417125,0.02417125,0.02100125,0.02417125,0.02734125,0.02734125,0.02100125,0.02417125,0.02734125,0.02417125,0.03685125,0.03368125,0.04002125,0.03685125,0.04002125,0.03685125,0.04002125,0.04002125,0.04002125,0.04636125,0.14146125,0.14463125,0.16682125,0.13829125,0.16999125,0.16682125,0.15414125,0.16682125,0.11927125,0.09074125,0.09074125,0.09074125,0.09708125,0.10025125,0.10659125,0.11293125,0.08440125,0.08123125,0.07806125,0.09074125,0.08440125,0.08440125,0.08123125,0.08757125,0.2496375,0.2274475,0.2971875,0.2242775,0.2749975,0.1862375,0.2718275,0.3796075,0.1862375,0.3510775,0.1196675,0.1545375,0.3415675,0.2147675,0.3954575,0.4334975,0.4366675,0.1735575,0.2971875,0.3796075,0.3352275,0.4208175,0.5032375,0.5507875
7.48611111111111,0.05587125,0.05904125,0.05587125,0.06855125,0.05270125,0.07489125,0.05587125,0.06855125,0.05270125,0.04953125,0.04002125,0.02734125,0.02100125,0.01783125,0.01466125,0.02417125,0.01783125,0.01783125,0.01783125,0.01783125,0.01783125,0.01466125,0.01466125,0.01149125,0.0721175,0.0689475,0.0816275,0.0721175,0.0752875,0.0974775,0.1069875,0.0847975,0.0784575,0.0721175,0.0689475,0.0657775,0.0911375,0.0689475,0.0721175,0.1069875,0.0340775,0.0372475,0.0245675,0.0404175,0.0372475,0.0372475,0.0404175,0.0404175,0.02734125,0.02734125,0.02417125,0.02734125,0.03051125,0.04319125,0.04319125,0.03051125,0.03051125,0.01783125,0.03051125,0.03368125,0.04953125,0.04002125,0.06855125,0.03685125,0.04953125,0.04319125,0.03051125,0.03051125,0.03685125,0.02734125,0.02734125,0.03368125,0.1323475,0.0689475,0.1069875,0.1069875,0.0879675,0.1069875,0.0943075,0.1101575,0.0435875,0.0626075,0.0435875,0.0404175,0.0372475,0.0277375,0.0626075,0.1038175,0.03051125,0.03685125,0.04002125,0.02417125,0.01783125,0.04636125,0.02417125,0.03685125,0.0213975,0.0245675,0.0213975,0.0245675,0.0245675,0.0245675,0.0213975,0.0245675,0.0277375,0.0277375,0.0213975,0.0245675,0.0277375,0.0245675,0.0372475,0.0372475,0.0404175,0.0404175,0.0372475,0.0372475,0.0372475,0.0404175,0.0404175,0.0467575,0.1513675,0.1513675,0.1703875,0.1450275,0.1767275,0.1767275,0.1608775,0.1798975,0.1196675,0.0911375,0.0943075,0.0911375,0.0974775,0.1038175,0.1069875,0.1164975,0.0847975,0.0816275,0.0816275,0.0911375,0.0847975,0.0847975,0.0816275,0.0879675,0.25558125,0.23339125,0.28094125,0.20486125,0.24924125,0.17316125,0.23656125,0.34434125,0.17316125,0.33800125,0.12878125,0.13195125,0.32849125,0.21437125,0.37287125,0.31898125,0.44895125,0.19218125,0.35068125,0.40140125,0.35702125,0.45212125,0.50918125,0.47431125
7.65277777777778,0.05270125,0.06221125,0.05904125,0.07172125,0.05270125,0.07172125,0.05270125,0.06221125,0.05587125,0.04953125,0.04002125,0.02734125,0.02100125,0.01149125,0.01783125,0.02417125,0.01783125,0.01783125,0.01783125,0.01783125,0.01783125,0.01466125,0.01466125,0.01149125,0.0752875,0.0657775,0.0847975,0.0721175,0.0816275,0.1006475,0.1069875,0.0816275,0.0784575,0.0721175,0.0689475,0.0689475,0.0911375,0.0689475,0.0721175,0.1101575,0.0340775,0.0372475,0.0340775,0.0404175,0.0372475,0.0372475,0.0404175,0.0435875,0.02734125,0.02734125,0.02417125,0.02734125,0.03051125,0.04319125,0.04002125,0.02734125,0.03051125,0.01783125,0.03051125,0.03051125,0.04953125,0.03685125,0.06538125,0.04636125,0.04953125,0.04319125,0.03051125,0.03051125,0.03685125,0.02734125,0.02734125,0.03368125,0.1355175,0.0721175,0.1133275,0.1101575,0.0879675,0.1069875,0.0943075,0.1133275,0.0499275,0.0626075,0.0435875,0.0435875,0.0372475,0.0277375,0.0626075,0.1101575,0.03051125,0.03685125,0.03368125,0.02734125,0.01783125,0.04636125,0.03051125,0.04319125,0.0213975,0.0245675,0.0213975,0.0245675,0.0245675,0.0245675,0.0213975,0.0245675,0.0277375,0.0277375,0.0213975,0.0245675,0.0277375,0.0245675,0.0372475,0.0372475,0.0404175,0.0372475,0.0372475,0.0372475,0.0372475,0.0404175,0.0404175,0.0467575,0.1608775,0.1577075,0.1735575,0.1545375,0.1894075,0.1925775,0.1767275,0.1925775,0.1260075,0.0943075,0.0943075,0.0943075,0.1006475,0.1038175,0.1101575,0.1196675,0.0847975,0.0847975,0.0816275,0.0943075,0.0879675,0.0847975,0.0847975,0.0911375,0.24924125,0.22388125,0.27460125,0.20169125,0.23656125,0.16999125,0.23973125,0.34117125,0.20486125,0.33483125,0.12561125,0.12878125,0.33483125,0.22388125,0.37921125,0.33166125,0.48382125,0.17633125,0.37604125,0.40457125,0.36019125,0.46163125,0.51869125,0.48382125
7.81944444444444,0.0562675,0.0594375,0.0594375,0.0657775,0.0499275,0.0721175,0.0499275,0.0626075,0.0530975,0.0499275,0.0404175,0.0277375,0.0213975,0.0182275,0.0182275,0.0182275,0.0182275,0.0213975,0.0182275,0.0182275,0.0182275,0.0150575,0.0150575,0.0118875,0.07489125,0.06538125,0.09074125,0.07489125,0.09074125,0.10342125,0.10976125,0.08757125,0.08123125,0.07172125,0.06855125,0.06855125,0.09074125,0.06855125,0.07489125,0.10659125,0.03368125,0.03685125,0.03685125,0.04002125,0.03685125,0.04002125,0.04319125,0.04319125,0.0245675,0.0277375,0.0245675,0.0277375,0.0309075,0.0435875,0.0404175,0.0277375,0.0309075,0.0182275,0.0340775,0.0340775,0.0499275,0.0404175,0.0657775,0.0404175,0.0467575,0.0404175,0.0340775,0.0277375,0.0372475,0.0277375,0.0277375,0.0372475,0.14146125,0.07489125,0.11293125,0.11610125,0.09074125,0.10976125,0.09708125,0.11293125,0.04319125,0.06538125,0.04319125,0.04319125,0.03685125,0.02734125,0.06538125,0.10976125,0.0340775,0.0372475,0.0309075,0.0309075,0.0182275,0.0372475,0.0309075,0.0404175,0.02100125,0.02417125,0.02100125,0.02417125,0.02417125,0.02417125,0.02100125,0.02417125,0.02734125,0.02734125,0.02100125,0.02417125,0.02734125,0.02417125,0.04002125,0.03685125,0.04002125,0.03685125,0.03685125,0.03685125,0.03685125,0.04002125,0.04002125,0.04953125,0.17316125,0.16999125,0.18267125,0.16999125,0.20486125,0.20803125,0.19852125,0.22071125,0.11927125,0.09708125,0.09708125,0.09708125,0.10342125,0.10659125,0.11293125,0.12244125,0.08440125,0.08757125,0.08440125,0.09391125,0.08757125,0.08440125,0.08757125,0.09391125,0.2686575,0.2496375,0.3162075,0.2496375,0.3003575,0.2115975,0.3003575,0.3922875,0.2242775,0.3510775,0.1355175,0.1513675,0.3732675,0.2337875,0.4239875,0.3922875,0.5127475,0.2020875,0.3764375,0.4271575,0.3510775,0.4810475,0.5317675,0.5317675
7.98611111111111,0.0594375,0.0626075,0.0594375,0.0721175,0.0530975,0.0752875,0.0499275,0.0499275,0.0562675,0.0499275,0.0404175,0.0277375,0.0213975,0.0213975,0.0150575,0.0213975,0.0182275,0.0182275,0.0182275,0.0182275,0.0182275,0.0150575,0.0150575,0.0118875,0.07489125,0.06855125,0.09074125,0.07489125,0.09391125,0.10659125,0.11293125,0.08757125,0.08440125,0.07172125,0.07172125,0.06855125,0.09074125,0.06855125,0.07489125,0.11293125,0.03368125,0.04002125,0.02734125,0.04002125,0.03685125,0.04002125,0.04002125,0.04319125,0.0277375,0.0277375,0.0245675,0.0277375,0.0309075,0.0435875,0.0404175,0.0277375,0.0309075,0.0182275,0.0309075,0.0277375,0.0530975,0.0372475,0.0626075,0.0467575,0.0499275,0.0435875,0.0309075,0.0277375,0.0340775,0.0309075,0.0309075,0.0372475,0.14463125,0.08440125,0.11610125,0.11293125,0.08757125,0.11293125,0.09391125,0.11610125,0.0558712499999999,0.06538125,0.04319125,0.04319125,0.03685125,0.02734125,0.06538125,0.10976125,0.0340775,0.0372475,0.0404175,0.0277375,0.0309075,0.0309075,0.0182275,0.0435875,0.02417125,0.02417125,0.02100125,0.02417125,0.02417125,0.02417125,0.02100125,0.02417125,0.02734125,0.02734125,0.02100125,0.02417125,0.02734125,0.02734125,0.04002125,0.03685125,0.04002125,0.04002125,0.03685125,0.03685125,0.03685125,0.04002125,0.04002125,0.04636125,0.18901125,0.17950125,0.19535125,0.18584125,0.22071125,0.22388125,0.21437125,0.24924125,0.12878125,0.09708125,0.09708125,0.09708125,0.10342125,0.10976125,0.11293125,0.12244125,0.09074125,0.08757125,0.08440125,0.09391125,0.08757125,0.08757125,0.08757125,0.09391125,0.2813375,0.2559775,0.3225475,0.2591475,0.3066975,0.2242775,0.3066975,0.3954575,0.2401275,0.3796075,0.1386875,0.1672175,0.3954575,0.2432975,0.4334975,0.4271575,0.5381075,0.2115975,0.3859475,0.4493475,0.3732675,0.4905575,0.5412775,0.5602975
8.15277777777778,0.05904125,0.06221125,0.05904125,0.07172125,0.05270125,0.07489125,0.05587125,0.04953125,0.05587125,0.05587125,0.04002125,0.02734125,0.02100125,0.02100125,0.01783125,0.02417125,0.01783125,0.02100125,0.01783125,0.01783125,0.01783125,0.01466125,0.01466125,0.01149125,0.0784575,0.0689475,0.0943075,0.0784575,0.0974775,0.1069875,0.1164975,0.0879675,0.0847975,0.0752875,0.0721175,0.0689475,0.0911375,0.0689475,0.0752875,0.1133275,0.0372475,0.0404175,0.0372475,0.0404175,0.0372475,0.0404175,0.0404175,0.0467575,0.03051125,0.03051125,0.02734125,0.02734125,0.03051125,0.04319125,0.04319125,0.02734125,0.03051125,0.01783125,0.03368125,0.03368125,0.04953125,0.03685125,0.06855125,0.04319125,0.04636125,0.04002125,0.03368125,0.02734125,0.03368125,0.02734125,0.02734125,0.03368125,0.1450275,0.0816275,0.1196675,0.1164975,0.0879675,0.1133275,0.0974775,0.1133275,0.0435875,0.0657775,0.0435875,0.0435875,0.0372475,0.0277375,0.0657775,0.1164975,0.03051125,0.03685125,0.04002125,0.03051125,0.02734125,0.04636125,0.02100125,0.04319125,0.0213975,0.0245675,0.0213975,0.0245675,0.0245675,0.0245675,0.0213975,0.0245675,0.0277375,0.0277375,0.0213975,0.0277375,0.0277375,0.0277375,0.0404175,0.0372475,0.0404175,0.0404175,0.0372475,0.0372475,0.0372475,0.0404175,0.0404175,0.0467575,0.2115975,0.1957475,0.2147675,0.2052575,0.2432975,0.2496375,0.2401275,0.2686575,0.1323475,0.1006475,0.1006475,0.0974775,0.1069875,0.1133275,0.1164975,0.1228375,0.0879675,0.0879675,0.0847975,0.0974775,0.0879675,0.0879675,0.0879675,0.0943075,0.29362125,0.26509125,0.32849125,0.27143125,0.32215125,0.23022125,0.31898125,0.40457125,0.25558125,0.39506125,0.14463125,0.16999125,0.40774125,0.25558125,0.45212125,0.43627125,0.56941125,0.22388125,0.39823125,0.46797125,0.38872125,0.50601125,0.55990125,0.56941125
8.31944444444444,0.0594375,0.0626075,0.0594375,0.0721175,0.0499275,0.0784575,0.0562675,0.0499275,0.0562675,0.0499275,0.0404175,0.0277375,0.0213975,0.0150575,0.0182275,0.0245675,0.0182275,0.0213975,0.0182275,0.0182275,0.0182275,0.0150575,0.0150575,0.0118875,0.07806125,0.07172125,0.09708125,0.07806125,0.10025125,0.10976125,0.11927125,0.08757125,0.08757125,0.07489125,0.07489125,0.07172125,0.09074125,0.06855125,0.07806125,0.11293125,0.04002125,0.03685125,0.02417125,0.04002125,0.03685125,0.04002125,0.04319125,0.04636125,0.0277375,0.0277375,0.0245675,0.0309075,0.0309075,0.0467575,0.0404175,0.0277375,0.0309075,0.0182275,0.0340775,0.0309075,0.0530975,0.0372475,0.0657775,0.0435875,0.0499275,0.0435875,0.0340775,0.0277375,0.0340775,0.0277375,0.0277375,0.0372475,0.14780125,0.09391125,0.12244125,0.11927125,0.08757125,0.11293125,0.10025125,0.10976125,0.04319125,0.06855125,0.04002125,0.04319125,0.03685125,0.02734125,0.06855125,0.11610125,0.0309075,0.0372475,0.0404175,0.0340775,0.0213975,0.0530975,0.0277375,0.0340775,0.02417125,0.02417125,0.02100125,0.02734125,0.02417125,0.02417125,0.02100125,0.02417125,0.02734125,0.02734125,0.02100125,0.02734125,0.02734125,0.02734125,0.04002125,0.03685125,0.04002125,0.04002125,0.03685125,0.03685125,0.04002125,0.04002125,0.04002125,0.04953125,0.23656125,0.21437125,0.23656125,0.22705125,0.27143125,0.27460125,0.26826125,0.28411125,0.13512125,0.10025125,0.10025125,0.10025125,0.10342125,0.11293125,0.11927125,0.12878125,0.09074125,0.09074125,0.08757125,0.10025125,0.09074125,0.09074125,0.09074125,0.09391125,0.2876775,0.2591475,0.3257175,0.2654875,0.3066975,0.2242775,0.3098675,0.3859475,0.2686575,0.3827775,0.1481975,0.1672175,0.4144775,0.2591475,0.4461775,0.3986275,0.5919975,0.2306175,0.4239875,0.4778775,0.3986275,0.5222575,0.5666375,0.5602975
8.48611111111111,0.05904125,0.06221125,0.05904125,0.07172125,0.05587125,0.07172125,0.05587125,0.04953125,0.05587125,0.05270125,0.04002125,0.03051125,0.02417125,0.01149125,0.01466125,0.02417125,0.01783125,0.01783125,0.01783125,0.01783125,0.01783125,0.01466125,0.01466125,0.01149125,0.080835,0.071325,0.099855,0.080835,0.103025,0.112535,0.118875,0.090345,0.087175,0.074495,0.074495,0.071325,0.090345,0.071325,0.077665,0.109365,0.045965,0.039625,0.023775,0.042795,0.039625,0.039625,0.039625,0.045965,0.02734125,0.03051125,0.02734125,0.03051125,0.03051125,0.04319125,0.04319125,0.02734125,0.03051125,0.01783125,0.03685125,0.03051125,0.05270125,0.04002125,0.06855125,0.04953125,0.04953125,0.04319125,0.03051125,0.02734125,0.03685125,0.02734125,0.02734125,0.03685125,0.147405,0.090345,0.118875,0.122045,0.087175,0.112535,0.099855,0.109365,0.049135,0.068155,0.036455,0.045965,0.036455,0.026945,0.068155,0.122045,0.03051125,0.03685125,0.04319125,0.03368125,0.02100125,0.05270125,0.03051125,0.04002125,0.023775,0.023775,0.020605,0.023775,0.023775,0.023775,0.020605,0.023775,0.026945,0.026945,0.020605,0.026945,0.026945,0.026945,0.039625,0.036455,0.042795,0.039625,0.036455,0.036455,0.036455,0.039625,0.039625,0.045965,0.267865,0.236165,0.261525,0.255185,0.302735,0.309075,0.309075,0.312245,0.131555,0.103025,0.103025,0.099855,0.109365,0.115705,0.118875,0.128385,0.093515,0.090345,0.087175,0.099855,0.090345,0.093515,0.090345,0.099855,0.31264125,0.23656125,0.31898125,0.26192125,0.31264125,0.23973125,0.32532125,0.38872125,0.28094125,0.39506125,0.14463125,0.17950125,0.42359125,0.27460125,0.46480125,0.43944125,0.60428125,0.21437125,0.42676125,0.48065125,0.42359125,0.51869125,0.57575125,0.58209125
8.65277777777778,0.05587125,0.06221125,0.06221125,0.07172125,0.05270125,0.07806125,0.05904125,0.05587125,0.05587125,0.05270125,0.04002125,0.03051125,0.02417125,0.01149125,0.01783125,0.02734125,0.01783125,0.02100125,0.01783125,0.01783125,0.01783125,0.01466125,0.01466125,0.01149125,0.08123125,0.07489125,0.10025125,0.08123125,0.10659125,0.11610125,0.11927125,0.09391125,0.08757125,0.07489125,0.07489125,0.07172125,0.09391125,0.07172125,0.07806125,0.11610125,0.04636125,0.02734125,0.02417125,0.04319125,0.04002125,0.04002125,0.04319125,0.04636125,0.03051125,0.03051125,0.02734125,0.03051125,0.03051125,0.04319125,0.04319125,0.02734125,0.03368125,0.01783125,0.03685125,0.03368125,0.05270125,0.04002125,0.06221125,0.04002125,0.04953125,0.04319125,0.03051125,0.03051125,0.03685125,0.03051125,0.02734125,0.03685125,0.15097125,0.09708125,0.12561125,0.12244125,0.08757125,0.11293125,0.10025125,0.11927125,0.03685125,0.06855125,0.03368125,0.04002125,0.03051125,0.02734125,0.06855125,0.11927125,0.03368125,0.03685125,0.03051125,0.03368125,0.03051125,0.04636125,0.02100125,0.03685125,0.02417125,0.02417125,0.02100125,0.02417125,0.02417125,0.02417125,0.02100125,0.02417125,0.02734125,0.02734125,0.02100125,0.02734125,0.02734125,0.02734125,0.04002125,0.03685125,0.04002125,0.03685125,0.03685125,0.03685125,0.03685125,0.04002125,0.04002125,0.04953125,0.30630125,0.25875125,0.28728125,0.28411125,0.33800125,0.34434125,0.35068125,0.36019125,0.13829125,0.10342125,0.10342125,0.10342125,0.10976125,0.11293125,0.11927125,0.13195125,0.09391125,0.09391125,0.09074125,0.10342125,0.09708125,0.09391125,0.09074125,0.10025125,0.30313125,0.24290125,0.31898125,0.26192125,0.30947125,0.22071125,0.31264125,0.38238125,0.29362125,0.38555125,0.15414125,0.16999125,0.43310125,0.26509125,0.46797125,0.39189125,0.64232125,0.23973125,0.45846125,0.50284125,0.43310125,0.54405125,0.59477125,0.56941125
8.81944444444444,0.05587125,0.06221125,0.06221125,0.07172125,0.05587125,0.07806125,0.04953125,0.05270125,0.05587125,0.05270125,0.04002125,0.03051125,0.02417125,0.01149125,0.01149125,0.02417125,0.01783125,0.02100125,0.01783125,0.01783125,0.01783125,0.01466125,0.01466125,0.01149125,0.084005,0.074495,0.103025,0.084005,0.109365,0.115705,0.122045,0.093515,0.087175,0.077665,0.077665,0.071325,0.093515,0.071325,0.077665,0.115705,0.049135,0.033285,0.026945,0.042795,0.039625,0.039625,0.042795,0.042795,0.02734125,0.03051125,0.02417125,0.03051125,0.03051125,0.04319125,0.04319125,0.02734125,0.03051125,0.01783125,0.03685125,0.03368125,0.04953125,0.03685125,0.06855125,0.04319125,0.04636125,0.04319125,0.03368125,0.02734125,0.03685125,0.03051125,0.02734125,0.03685125,0.153745,0.099855,0.128385,0.131555,0.090345,0.115705,0.103025,0.109365,0.042795,0.068155,0.033285,0.045965,0.030115,0.026945,0.068155,0.118875,0.03051125,0.03685125,0.03368125,0.02417125,0.02100125,0.04002125,0.02100125,0.04319125,0.023775,0.023775,0.020605,0.026945,0.023775,0.023775,0.020605,0.023775,0.030115,0.026945,0.020605,0.026945,0.026945,0.026945,0.039625,0.036455,0.039625,0.036455,0.036455,0.036455,0.036455,0.039625,0.039625,0.049135,0.343945,0.286885,0.321755,0.321755,0.381985,0.391495,0.410515,0.426365,0.141065,0.103025,0.103025,0.103025,0.112535,0.118875,0.125215,0.134725,0.090345,0.090345,0.090345,0.099855,0.093515,0.093515,0.093515,0.099855,0.31898125,0.25558125,0.32849125,0.27460125,0.31581125,0.23022125,0.32532125,0.38555125,0.30630125,0.39189125,0.15731125,0.17316125,0.43627125,0.26509125,0.47114125,0.40140125,0.65183125,0.24607125,0.46797125,0.50918125,0.42993125,0.55356125,0.60111125,0.57575125
8.98611111111111,0.05587125,0.06538125,0.06221125,0.07172125,0.05587125,0.07806125,0.05587125,0.05270125,0.05587125,0.05270125,0.04002125,0.03051125,0.02417125,0.01783125,0.01466125,0.02100125,0.01783125,0.01783125,0.01783125,0.01783125,0.01783125,0.01466125,0.01466125,0.01149125,0.084005,0.077665,0.106195,0.087175,0.109365,0.118875,0.125215,0.096685,0.090345,0.077665,0.080835,0.071325,0.096685,0.071325,0.077665,0.115705,0.045965,0.036455,0.026945,0.042795,0.039625,0.039625,0.042795,0.045965,0.03051125,0.03051125,0.02734125,0.03051125,0.03051125,0.04319125,0.04319125,0.03051125,0.03368125,0.01783125,0.03685125,0.03368125,0.05270125,0.04319125,0.06855125,0.04953125,0.04953125,0.04319125,0.03368125,0.03051125,0.03685125,0.03051125,0.02734125,0.04002125,0.150575,0.109365,0.134725,0.134725,0.096685,0.118875,0.112535,0.122045,0.042795,0.071325,0.042795,0.045965,0.036455,0.026945,0.071325,0.125215,0.03368125,0.04002125,0.03368125,0.02417125,0.02100125,0.05270125,0.03051125,0.04002125,0.023775,0.023775,0.020605,0.023775,0.023775,0.023775,0.020605,0.023775,0.030115,0.026945,0.020605,0.026945,0.026945,0.026945,0.039625,0.036455,0.039625,0.039625,0.036455,0.036455,0.036455,0.039625,0.039625,0.049135,0.397835,0.331265,0.369305,0.378815,0.451725,0.473915,0.505615,0.492935,0.141065,0.106195,0.103025,0.106195,0.115705,0.118875,0.125215,0.134725,0.099855,0.096685,0.090345,0.099855,0.096685,0.096685,0.096685,0.099855,0.32532125,0.27460125,0.35068125,0.29679125,0.34751125,0.25241125,0.34434125,0.39823125,0.31898125,0.38238125,0.16365125,0.18901125,0.46163125,0.27777125,0.48699125,0.41091125,0.66768125,0.26509125,0.48382125,0.53137125,0.43310125,0.57258125,0.61062125,0.58209125
9.15277777777778,0.05587125,0.06221125,0.06221125,0.07172125,0.05587125,0.07806125,0.05587125,0.05270125,0.05587125,0.05270125,0.04636125,0.03051125,0.02417125,0.01783125,0.01466125,0.02417125,0.01783125,0.01783125,0.01783125,0.01783125,0.01783125,0.01466125,0.01466125,0.01149125,0.087175,0.077665,0.106195,0.087175,0.112535,0.118875,0.128385,0.096685,0.090345,0.077665,0.080835,0.074495,0.096685,0.074495,0.080835,0.125215,0.045965,0.030115,0.026945,0.042795,0.039625,0.039625,0.042795,0.049135,0.02417125,0.03051125,0.02734125,0.03051125,0.03051125,0.04636125,0.04319125,0.02734125,0.03368125,0.01783125,0.03685125,0.03051125,0.05270125,0.04002125,0.06855125,0.04953125,0.04953125,0.04319125,0.03368125,0.02734125,0.03685125,0.03051125,0.02734125,0.03685125,0.153745,0.118875,0.131555,0.141065,0.093515,0.122045,0.106195,0.122045,0.039625,0.071325,0.033285,0.039625,0.030115,0.026945,0.068155,0.122045,0.03051125,0.03368125,0.02417125,0.02734125,0.03368125,0.04002125,0.02734125,0.04636125,0.023775,0.023775,0.020605,0.026945,0.023775,0.023775,0.020605,0.023775,0.030115,0.026945,0.020605,0.026945,0.026945,0.026945,0.039625,0.036455,0.039625,0.036455,0.036455,0.036455,0.036455,0.039625,0.039625,0.049135,0.454895,0.366135,0.410515,0.429535,0.508785,0.530975,0.569015,0.565845,0.147405,0.106195,0.106195,0.106195,0.115705,0.122045,0.128385,0.141065,0.093515,0.096685,0.093515,0.106195,0.096685,0.099855,0.096685,0.106195,0.33800125,0.26509125,0.35385125,0.31264125,0.36653125,0.27460125,0.36970125,0.41725125,0.33800125,0.40457125,0.16999125,0.21120125,0.48065125,0.29045125,0.50918125,0.45529125,0.65817125,0.27143125,0.48382125,0.55039125,0.45846125,0.57892125,0.62013125,0.61379125
9.31944444444444,0.05904125,0.06538125,0.06221125,0.06855125,0.05904125,0.07806125,0.05904125,0.04953125,0.05904125,0.05270125,0.06538125,0.03051125,0.02417125,0.01466125,0.01783125,0.02734125,0.01783125,0.02100125,0.01783125,0.01783125,0.02100125,0.01466125,0.01466125,0.01149125,0.087175,0.080835,0.109365,0.093515,0.112535,0.122045,0.131555,0.099855,0.090345,0.077665,0.084005,0.074495,0.099855,0.074495,0.080835,0.122045,0.049135,0.030115,0.026945,0.042795,0.039625,0.042795,0.039625,0.049135,0.02417125,0.03051125,0.02734125,0.03051125,0.03368125,0.04002125,0.04319125,0.03051125,0.03051125,0.01783125,0.03685125,0.03685125,0.05270125,0.04002125,0.06855125,0.04953125,0.04953125,0.04319125,0.03368125,0.03051125,0.03685125,0.03051125,0.02734125,0.03685125,0.150575,0.125215,0.134725,0.147405,0.099855,0.122045,0.112535,0.118875,0.039625,0.071325,0.036455,0.039625,0.030115,0.026945,0.071325,0.125215,0.03051125,0.03368125,0.02417125,0.02417125,0.02100125,0.05270125,0.03051125,0.04636125,0.023775,0.023775,0.020605,0.026945,0.023775,0.023775,0.020605,0.023775,0.030115,0.026945,0.020605,0.026945,0.026945,0.026945,0.039625,0.036455,0.039625,0.039625,0.036455,0.036455,0.036455,0.039625,0.039625,0.049135,0.499275,0.397835,0.451725,0.483425,0.575355,0.597545,0.645095,0.667285,0.147405,0.109365,0.106195,0.106195,0.115705,0.125215,0.128385,0.144235,0.093515,0.099855,0.093515,0.106195,0.099855,0.096685,0.093515,0.103025,0.34751125,0.27777125,0.36653125,0.31898125,0.36653125,0.28728125,0.37604125,0.40457125,0.34434125,0.42676125,0.17950125,0.22388125,0.49333125,0.28094125,0.52186125,0.42993125,0.66768125,0.29679125,0.49650125,0.55673125,0.47748125,0.58209125,0.63281125,0.61062125
9.48611111111111,0.05587125,0.06538125,0.06221125,0.07172125,0.05587125,0.07806125,0.05904125,0.04953125,0.05904125,0.05270125,0.06538125,0.03051125,0.02417125,0.01466125,0.01783125,0.02417125,0.01783125,0.01783125,0.01783125,0.01783125,0.01783125,0.01466125,0.01466125,0.01149125,0.090345,0.080835,0.112535,0.096685,0.115705,0.122045,0.134725,0.099855,0.090345,0.077665,0.084005,0.074495,0.099855,0.074495,0.080835,0.099855,0.045965,0.033285,0.026945,0.030115,0.039625,0.042795,0.045965,0.049135,0.03051125,0.03051125,0.02734125,0.03051125,0.03051125,0.04319125,0.04319125,0.02734125,0.03368125,0.01783125,0.03368125,0.03685125,0.05587125,0.04319125,0.07172125,0.04953125,0.04953125,0.04319125,0.03051125,0.03051125,0.03685125,0.03051125,0.02734125,0.03685125,0.150575,0.137895,0.131555,0.147405,0.103025,0.125215,0.112535,0.115705,0.033285,0.074495,0.036455,0.039625,0.030115,0.026945,0.061815,0.128385,0.03685125,0.03051125,0.02417125,0.02417125,0.02100125,0.05587125,0.03051125,0.04636125,0.023775,0.023775,0.020605,0.026945,0.023775,0.023775,0.020605,0.026945,0.030115,0.026945,0.020605,0.026945,0.026945,0.026945,0.039625,0.039625,0.039625,0.036455,0.036455,0.036455,0.036455,0.039625,0.039625,0.045965,0.584865,0.423195,0.492935,0.543655,0.645095,0.664115,0.730685,0.737025,0.150575,0.112535,0.109365,0.109365,0.118875,0.125215,0.131555,0.141065,0.099855,0.099855,0.096685,0.109365,0.093515,0.099855,0.103025,0.109365,0.35702125,0.26509125,0.35702125,0.30947125,0.35385125,0.27460125,0.36653125,0.38872125,0.32849125,0.43310125,0.18267125,0.21437125,0.49650125,0.28411125,0.52186125,0.40457125,0.65183125,0.29045125,0.51235125,0.55673125,0.48382125,0.58526125,0.63598125,0.59477125
9.65277777777778,0.05904125,0.06221125,0.06221125,0.07489125,0.05904125,0.07489125,0.05904125,0.05270125,0.05904125,0.05587125,0.04636125,0.03051125,0.02417125,0.01466125,0.01783125,0.02417125,0.01783125,0.01783125,0.01783125,0.01783125,0.02100125,0.01466125,0.01466125,0.01149125,0.090345,0.084005,0.115705,0.096685,0.115705,0.122045,0.134725,0.103025,0.093515,0.080835,0.080835,0.074495,0.099855,0.074495,0.080835,0.112535,0.045965,0.030115,0.030115,0.042795,0.042795,0.045965,0.045965,0.052305,0.03051125,0.03051125,0.02734125,0.03051125,0.03368125,0.04319125,0.04319125,0.03051125,0.02734125,0.01783125,0.03051125,0.03368125,0.05587125,0.04319125,0.07172125,0.05270125,0.04636125,0.04319125,0.03368125,0.02734125,0.03685125,0.03051125,0.03051125,0.03685125,0.150575,0.144235,0.131555,0.150575,0.103025,0.125215,0.112535,0.122045,0.045965,0.071325,0.036455,0.039625,0.030115,0.026945,0.068155,0.131555,0.03368125,0.04002125,0.02417125,0.02417125,0.03051125,0.05270125,0.02417125,0.04319125,0.023775,0.023775,0.020605,0.026945,0.023775,0.023775,0.020605,0.026945,0.030115,0.026945,0.020605,0.026945,0.026945,0.026945,0.039625,0.039625,0.042795,0.039625,0.036455,0.036455,0.036455,0.039625,0.039625,0.045965,0.670455,0.451725,0.534145,0.600715,0.714835,0.740195,0.816275,0.828955,0.153745,0.112535,0.112535,0.109365,0.118875,0.125215,0.134725,0.137895,0.103025,0.099855,0.096685,0.109365,0.103025,0.103025,0.099855,0.106195,0.40140125,0.26192125,0.36336125,0.31581125,0.36653125,0.26509125,0.36336125,0.40457125,0.36970125,0.41408125,0.17950125,0.22388125,0.49967125,0.28094125,0.52503125,0.43310125,0.69304125,0.28411125,0.51869125,0.56307125,0.46480125,0.59477125,0.64549125,0.61696125
9.81944444444444,0.05904125,0.06538125,0.06221125,0.06855125,0.05587125,0.07806125,0.05587125,0.05270125,0.05904125,0.05904125,0.04319125,0.03051125,0.02417125,0.01466125,0.01783125,0.02417125,0.01783125,0.01783125,0.01783125,0.01783125,0.01783125,0.01466125,0.01466125,0.01149125,0.093515,0.084005,0.115705,0.099855,0.118875,0.125215,0.134725,0.106195,0.093515,0.080835,0.084005,0.074495,0.099855,0.074495,0.084005,0.106195,0.045965,0.030115,0.026945,0.045965,0.042795,0.045965,0.045965,0.052305,0.03051125,0.03051125,0.02734125,0.03051125,0.03368125,0.04636125,0.04636125,0.03051125,0.03368125,0.01783125,0.03368125,0.03685125,0.05587125,0.04002125,0.07172125,0.04953125,0.04953125,0.04319125,0.03368125,0.03051125,0.03685125,0.03051125,0.02734125,0.03685125,0.150575,0.153745,0.134725,0.153745,0.106195,0.128385,0.115705,0.118875,0.033285,0.071325,0.036455,0.045965,0.033285,0.026945,0.071325,0.134725,0.03685125,0.04002125,0.02417125,0.03685125,0.03051125,0.03685125,0.03051125,0.04636125,0.023775,0.023775,0.020605,0.026945,0.023775,0.023775,0.020605,0.026945,0.030115,0.026945,0.020605,0.026945,0.026945,0.026945,0.039625,0.039625,0.042795,0.036455,0.036455,0.036455,0.036455,0.039625,0.039625,0.049135,0.756045,0.508785,0.600715,0.676795,0.803595,0.835295,0.930395,0.924055,0.156915,0.112535,0.112535,0.112535,0.122045,0.125215,0.134725,0.144235,0.103025,0.103025,0.099855,0.109365,0.099855,0.103025,0.106195,0.112535,0.40457125,0.25875125,0.36970125,0.32849125,0.38238125,0.29679125,0.38238125,0.41091125,0.38872125,0.40774125,0.18267125,0.24290125,0.51869125,0.29679125,0.54088125,0.46163125,0.68670125,0.28094125,0.51869125,0.57575125,0.47748125,0.60428125,0.65183125,0.62964125
9.98611111111111,0.05904125,0.06538125,0.06221125,0.06538125,0.05904125,0.07806125,0.05904125,0.05270125,0.05904125,0.06538125,0.04319125,0.03051125,0.02417125,0.01466125,0.01783125,0.02417125,0.01783125,0.02100125,0.01783125,0.01783125,0.01783125,0.01783125,0.01466125,0.01149125,0.096685,0.087175,0.118875,0.103025,0.122045,0.125215,0.137895,0.109365,0.093515,0.080835,0.090345,0.074495,0.099855,0.074495,0.084005,0.125215,0.052305,0.030115,0.026945,0.045965,0.042795,0.045965,0.045965,0.052305,0.03051125,0.03051125,0.02734125,0.03051125,0.03368125,0.04319125,0.04636125,0.03051125,0.03368125,0.02100125,0.03685125,0.03685125,0.05587125,0.04319125,0.07172125,0.05270125,0.05270125,0.04636125,0.03368125,0.03051125,0.03685125,0.03051125,0.02734125,0.03685125,0.141065,0.153745,0.134725,0.156915,0.112535,0.134725,0.118875,0.118875,0.045965,0.074495,0.045965,0.045965,0.039625,0.026945,0.071325,0.134725,0.03685125,0.04002125,0.02734125,0.02734125,0.02417125,0.04636125,0.02100125,0.04636125,0.023775,0.023775,0.020605,0.026945,0.023775,0.023775,0.020605,0.026945,0.030115,0.026945,0.020605,0.026945,0.026945,0.026945,0.039625,0.039625,0.039625,0.036455,0.036455,0.036455,0.036455,0.039625,0.039625,0.049135,0.898695,0.610225,0.702155,0.784575,0.936735,1.009645,1.120595,1.035005,0.156915,0.112535,0.112535,0.115705,0.125215,0.131555,0.137895,0.141065,0.106195,0.099855,0.096685,0.112535,0.106195,0.103025,0.099855,0.112535,0.42042125,0.26509125,0.36653125,0.32849125,0.38238125,0.29362125,0.38238125,0.38872125,0.42042125,0.40457125,0.18901125,0.21437125,0.51869125,0.29679125,0.53454125,0.39823125,0.70255125,0.31581125,0.55990125,0.59160125,0.49650125,0.62647125,0.67085125,0.62013125
10.1527777777778,0.058645,0.064985,0.061815,0.071325,0.052305,0.080835,0.061815,0.055475,0.058645,0.071325,0.042795,0.030115,0.023775,0.014265,0.017435,0.026945,0.017435,0.017435,0.017435,0.017435,0.017435,0.014265,0.014265,0.014265,0.096685,0.087175,0.122045,0.103025,0.122045,0.128385,0.137895,0.109365,0.093515,0.080835,0.087175,0.077665,0.099855,0.077665,0.084005,0.122045,0.052305,0.030115,0.030115,0.045965,0.042795,0.045965,0.045965,0.052305,0.026945,0.030115,0.026945,0.030115,0.033285,0.042795,0.045965,0.026945,0.030115,0.017435,0.033285,0.036455,0.055475,0.039625,0.068155,0.045965,0.049135,0.042795,0.030115,0.030115,0.036455,0.030115,0.030115,0.036455,0.134725,0.163255,0.137895,0.160085,0.112535,0.134725,0.122045,0.115705,0.049135,0.074495,0.045965,0.049135,0.039625,0.030115,0.074495,0.134725,0.036455,0.039625,0.030115,0.033285,0.020605,0.039625,0.026945,0.042795,0.023775,0.023775,0.020605,0.023775,0.023775,0.023775,0.020605,0.026945,0.030115,0.026945,0.020605,0.026945,0.026945,0.026945,0.039625,0.039625,0.039625,0.036455,0.036455,0.036455,0.036455,0.039625,0.039625,0.045965,0.974775,0.756045,0.870165,0.962095,1.130105,1.206185,1.298115,1.060365,0.156915,0.115705,0.115705,0.115705,0.125215,0.131555,0.137895,0.144235,0.109365,0.103025,0.099855,0.109365,0.106195,0.103025,0.106195,0.109365,0.435875,0.290055,0.378815,0.324925,0.385155,0.290055,0.375645,0.362965,0.451725,0.407345,0.198125,0.213975,0.524635,0.293225,0.537315,0.359795,0.765555,0.347115,0.597545,0.616565,0.515125,0.648265,0.679965,0.594375
10.3194444444444,0.05904125,0.06538125,0.06221125,0.07172125,0.05904125,0.08123125,0.06221125,0.05270125,0.05904125,0.07172125,0.04319125,0.03051125,0.02417125,0.01466125,0.02100125,0.02100125,0.01783125,0.01783125,0.01783125,0.01783125,0.02100125,0.01783125,0.01466125,0.01466125,0.096685,0.087175,0.125215,0.106195,0.122045,0.128385,0.134725,0.115705,0.093515,0.080835,0.093515,0.077665,0.099855,0.077665,0.084005,0.122045,0.042795,0.033285,0.030115,0.045965,0.042795,0.042795,0.049135,0.052305,0.02734125,0.03051125,0.02734125,0.03051125,0.03368125,0.04319125,0.04636125,0.03368125,0.03051125,0.02100125,0.04002125,0.03685125,0.05587125,0.04002125,0.06538125,0.04953125,0.04953125,0.04319125,0.03368125,0.03051125,0.04002125,0.03051125,0.02734125,0.03685125,0.134725,0.169595,0.131555,0.163255,0.125215,0.137895,0.125215,0.109365,0.039625,0.074495,0.045965,0.045965,0.039625,0.026945,0.077665,0.137895,0.03685125,0.04002125,0.04636125,0.03368125,0.02100125,0.05270125,0.03051125,0.04636125,0.023775,0.023775,0.020605,0.026945,0.023775,0.023775,0.020605,0.026945,0.030115,0.030115,0.020605,0.026945,0.026945,0.026945,0.039625,0.039625,0.042795,0.036455,0.036455,0.036455,0.036455,0.039625,0.039625,0.045965,1.111085,0.946245,1.111085,1.218865,1.358345,1.399555,1.462955,1.161805,0.163255,0.118875,0.115705,0.115705,0.128385,0.134725,0.141065,0.147405,0.109365,0.106195,0.096685,0.109365,0.106195,0.109365,0.106195,0.112535,0.45529125,0.29045125,0.38872125,0.34117125,0.40774125,0.31264125,0.39823125,0.37921125,0.46480125,0.45212125,0.20486125,0.23339125,0.53771125,0.29362125,0.55356125,0.39506125,0.71840125,0.35702125,0.59794125,0.60745125,0.53454125,0.63598125,0.67402125,0.61062125
10.4861111111111,0.058645,0.061815,0.064985,0.061815,0.058645,0.080835,0.061815,0.049135,0.058645,0.077665,0.042795,0.030115,0.023775,0.014265,0.014265,0.023775,0.017435,0.017435,0.017435,0.017435,0.017435,0.017435,0.014265,0.014265,0.099855,0.090345,0.125215,0.109365,0.125215,0.131555,0.134725,0.118875,0.096685,0.084005,0.093515,0.077665,0.099855,0.077665,0.084005,0.118875,0.052305,0.033285,0.030115,0.045965,0.042795,0.045965,0.049135,0.052305,0.030115,0.030115,0.026945,0.030115,0.030115,0.042795,0.045965,0.033285,0.033285,0.020605,0.039625,0.036455,0.055475,0.042795,0.071325,0.052305,0.049135,0.045965,0.033285,0.030115,0.039625,0.030115,0.026945,0.036455,0.137895,0.175935,0.128385,0.166425,0.122045,0.141065,0.125215,0.106195,0.039625,0.077665,0.049135,0.049135,0.039625,0.026945,0.077665,0.137895,0.036455,0.039625,0.039625,0.033285,0.020605,0.052305,0.030115,0.042795,0.023775,0.023775,0.020605,0.026945,0.023775,0.023775,0.020605,0.026945,0.030115,0.026945,0.020605,0.026945,0.026945,0.026945,0.039625,0.039625,0.039625,0.036455,0.036455,0.036455,0.036455,0.039625,0.039625,0.045965,1.206185,1.073045,1.253735,1.361515,1.488315,1.510505,1.542205,1.231545,0.166425,0.118875,0.118875,0.118875,0.128385,0.134725,0.141065,0.147405,0.109365,0.106195,0.103025,0.115705,0.109365,0.106195,0.109365,0.115705,0.477085,0.283715,0.378815,0.328095,0.385155,0.299565,0.391495,0.372475,0.499275,0.473915,0.207635,0.242505,0.534145,0.299565,0.549995,0.388325,0.746535,0.350285,0.619735,0.600715,0.540485,0.629245,0.673625,0.613395
10.6527777777778,0.05904125,0.06538125,0.06538125,0.06538125,0.05587125,0.08123125,0.06221125,0.04953125,0.05904125,0.07806125,0.04319125,0.03051125,0.02417125,0.01466125,0.01783125,0.02417125,0.01783125,0.01783125,0.01783125,0.01783125,0.01783125,0.01783125,0.01466125,0.01466125,0.103025,0.093515,0.131555,0.109365,0.125215,0.131555,0.137895,0.122045,0.096685,0.084005,0.096685,0.077665,0.099855,0.077665,0.084005,0.118875,0.052305,0.033285,0.030115,0.045965,0.045965,0.045965,0.045965,0.0554749999999999,0.03051125,0.03051125,0.02734125,0.03051125,0.03051125,0.04319125,0.04636125,0.03368125,0.03051125,0.02100125,0.04002125,0.03368125,0.05904125,0.04002125,0.07172125,0.04953125,0.04953125,0.04636125,0.03368125,0.03051125,0.03685125,0.03051125,0.03051125,0.03685125,0.131555,0.182275,0.128385,0.172765,0.137895,0.150575,0.131555,0.106195,0.045965,0.077665,0.045965,0.049135,0.039625,0.026945,0.077665,0.141065,0.04002125,0.04002125,0.02734125,0.03051125,0.02100125,0.04953125,0.02417125,0.04636125,0.023775,0.023775,0.020605,0.026945,0.023775,0.023775,0.020605,0.026945,0.030115,0.026945,0.020605,0.026945,0.026945,0.026945,0.042795,0.039625,0.039625,0.036455,0.036455,0.036455,0.036455,0.039625,0.039625,0.045965,1.412235,1.250565,1.424915,1.520015,1.602435,1.605605,1.611945,1.396385,0.169595,0.122045,0.118875,0.118875,0.131555,0.137895,0.144235,0.150575,0.106195,0.106195,0.099855,0.112535,0.112535,0.112535,0.109365,0.118875,0.47114125,0.26509125,0.36336125,0.31264125,0.37921125,0.28094125,0.37921125,0.36019125,0.47748125,0.46797125,0.20486125,0.24290125,0.52820125,0.28728125,0.55039125,0.37921125,0.70889125,0.33800125,0.62330125,0.59160125,0.53454125,0.62647125,0.67719125,0.60745125
10.8194444444444,0.06221125,0.06855125,0.06538125,0.07806125,0.05904125,0.08123125,0.06221125,0.04953125,0.05904125,0.07806125,0.04319125,0.03051125,0.02417125,0.01466125,0.01466125,0.02100125,0.01783125,0.02100125,0.01783125,0.01783125,0.01783125,0.01783125,0.01466125,0.01466125,0.103025,0.093515,0.131555,0.112535,0.128385,0.131555,0.141065,0.125215,0.096685,0.084005,0.099855,0.080835,0.096685,0.077665,0.084005,0.115705,0.049135,0.036455,0.030115,0.049135,0.045965,0.045965,0.039625,0.045965,0.02417125,0.03051125,0.02734125,0.03051125,0.03368125,0.04636125,0.04636125,0.03368125,0.03051125,0.02100125,0.04002125,0.03685125,0.05270125,0.04319125,0.07172125,0.04953125,0.04953125,0.04636125,0.03368125,0.03051125,0.04002125,0.03051125,0.02734125,0.03685125,0.131555,0.182275,0.128385,0.175935,0.144235,0.153745,0.131555,0.106195,0.045965,0.080835,0.049135,0.049135,0.039625,0.039625,0.080835,0.141065,0.03685125,0.04002125,0.02734125,0.03368125,0.02100125,0.05270125,0.02100125,0.04319125,0.023775,0.023775,0.020605,0.026945,0.023775,0.023775,0.020605,0.026945,0.030115,0.030115,0.020605,0.026945,0.026945,0.026945,0.042795,0.039625,0.039625,0.036455,0.036455,0.036455,0.036455,0.039625,0.039625,0.045965,1.500995,1.450275,1.653155,1.716555,1.770445,1.757765,1.729235,1.494655,0.169595,0.122045,0.122045,0.122045,0.131555,0.141065,0.147405,0.150575,0.106195,0.106195,0.106195,0.115705,0.109365,0.109365,0.109365,0.115705,0.49650125,0.25241125,0.34751125,0.30630125,0.36970125,0.27143125,0.37921125,0.36336125,0.48382125,0.46163125,0.20169125,0.23656125,0.53137125,0.28411125,0.54722125,0.38555125,0.70255125,0.32849125,0.62964125,0.59160125,0.52820125,0.63281125,0.68987125,0.61696125
10.9861111111111,0.061815,0.064985,0.064985,0.074495,0.058645,0.074495,0.061815,0.049135,0.058645,0.077665,0.042795,0.030115,0.023775,0.014265,0.011095,0.023775,0.017435,0.020605,0.017435,0.017435,0.017435,0.017435,0.014265,0.014265,0.106195,0.093515,0.134725,0.112535,0.128385,0.134725,0.144235,0.131555,0.096685,0.084005,0.099855,0.080835,0.096685,0.077665,0.087175,0.125215,0.052305,0.033285,0.030115,0.045965,0.042795,0.049135,0.052305,0.0554749999999999,0.023775,0.030115,0.026945,0.030115,0.033285,0.042795,0.045965,0.030115,0.030115,0.017435,0.039625,0.036455,0.058645,0.042795,0.074495,0.049135,0.045965,0.045965,0.033285,0.030115,0.036455,0.026945,0.030115,0.036455,0.125215,0.185445,0.128385,0.179105,0.160085,0.163255,0.141065,0.106195,0.039625,0.080835,0.045965,0.049135,0.039625,0.030115,0.080835,0.147405,0.039625,0.039625,0.042795,0.033285,0.026945,0.052305,0.033285,0.049135,0.023775,0.023775,0.020605,0.026945,0.023775,0.023775,0.020605,0.026945,0.030115,0.030115,0.020605,0.026945,0.026945,0.026945,0.042795,0.039625,0.039625,0.036455,0.036455,0.036455,0.036455,0.036455,0.039625,0.045965,1.558055,1.608775,1.795805,1.821165,1.856035,1.833845,1.798975,1.678515,0.172765,0.125215,0.115705,0.122045,0.134725,0.141065,0.150575,0.153745,0.109365,0.106195,0.106195,0.115705,0.112535,0.112535,0.106195,0.118875,0.505615,0.252015,0.378815,0.340775,0.413685,0.309075,0.420025,0.407345,0.483425,0.470745,0.210805,0.280545,0.556335,0.290055,0.572185,0.464405,0.711665,0.324925,0.619735,0.610225,0.546825,0.638755,0.695815,0.645095
11.1527777777778,0.05904125,0.06855125,0.06538125,0.07489125,0.05904125,0.08123125,0.06221125,0.04953125,0.05904125,0.07806125,0.04319125,0.03051125,0.02417125,0.01466125,0.02100125,0.02417125,0.01783125,0.02417125,0.01783125,0.01783125,0.01783125,0.01783125,0.01466125,0.01466125,0.106195,0.096685,0.137895,0.115705,0.131555,0.134725,0.147405,0.134725,0.096685,0.084005,0.099855,0.080835,0.096685,0.077665,0.087175,0.103025,0.052305,0.036455,0.033285,0.049135,0.045965,0.049135,0.052305,0.049135,0.02417125,0.03051125,0.03051125,0.03051125,0.03368125,0.04636125,0.04636125,0.03051125,0.03051125,0.02100125,0.04002125,0.03685125,0.05904125,0.04319125,0.06855125,0.04636125,0.05270125,0.04319125,0.03368125,0.03051125,0.04002125,0.03051125,0.03051125,0.03685125,0.122045,0.185445,0.131555,0.182275,0.169595,0.172765,0.137895,0.109365,0.039625,0.080835,0.049135,0.049135,0.039625,0.030115,0.084005,0.141065,0.03368125,0.04002125,0.04319125,0.03051125,0.03051125,0.04002125,0.03368125,0.04953125,0.023775,0.023775,0.020605,0.026945,0.023775,0.023775,0.020605,0.026945,0.030115,0.030115,0.020605,0.026945,0.026945,0.026945,0.042795,0.039625,0.039625,0.036455,0.036455,0.036455,0.036455,0.036455,0.039625,0.045965,1.621455,1.754595,1.884565,1.884565,1.906755,1.884565,1.840185,1.764105,0.175935,0.125215,0.122045,0.125215,0.137895,0.141065,0.150575,0.156915,0.112535,0.109365,0.099855,0.118875,0.109365,0.112535,0.109365,0.122045,0.52820125,0.25241125,0.39189125,0.36019125,0.43310125,0.32849125,0.43627125,0.40457125,0.49016125,0.47748125,0.22071125,0.30630125,0.57892125,0.28728125,0.59794125,0.46480125,0.70572125,0.34434125,0.62647125,0.62013125,0.55673125,0.64232125,0.70572125,0.64866125
11.3194444444444,0.05824875,0.06141875,0.06458875,0.07409875,0.05824875,0.08043875,0.06141875,0.04873875,0.05824875,0.07726875,0.04239875,0.02971875,0.02337875,0.01386875,0.01069875,0.02337875,0.01703875,0.02020875,0.01703875,0.01703875,0.01703875,0.01386875,0.01386875,0.01386875,0.109365,0.096685,0.137895,0.118875,0.134725,0.137895,0.150575,0.147405,0.096685,0.084005,0.103025,0.080835,0.096685,0.080835,0.087175,0.109365,0.049135,0.039625,0.030115,0.049135,0.045965,0.049135,0.049135,0.052305,0.02654875,0.02971875,0.02654875,0.02971875,0.03288875,0.04239875,0.04556875,0.02971875,0.02971875,0.02020875,0.03605875,0.03605875,0.05824875,0.04239875,0.07409875,0.04556875,0.04873875,0.04239875,0.02971875,0.02971875,0.03922875,0.02971875,0.02971875,0.03922875,0.122045,0.194955,0.122045,0.182275,0.169595,0.169595,0.141065,0.109365,0.045965,0.080835,0.049135,0.049135,0.039625,0.036455,0.084005,0.150575,0.03922875,0.03605875,0.02654875,0.03288875,0.03288875,0.05824875,0.02971875,0.04556875,0.023775,0.023775,0.020605,0.026945,0.023775,0.023775,0.020605,0.026945,0.033285,0.030115,0.020605,0.026945,0.030115,0.026945,0.042795,0.039625,0.039625,0.036455,0.036455,0.036455,0.036455,0.036455,0.039625,0.045965,1.824335,1.925775,1.963815,1.932115,1.970155,1.960645,1.954305,1.862375,0.179105,0.125215,0.125215,0.125215,0.137895,0.144235,0.153745,0.160085,0.109365,0.109365,0.106195,0.122045,0.115705,0.115705,0.112535,0.125215,0.53057875,0.25161875,0.38792875,0.35939875,0.42596875,0.32452875,0.42596875,0.39426875,0.49253875,0.47034875,0.21674875,0.28331875,0.57178875,0.29599875,0.59397875,0.45449875,0.74296875,0.34988875,0.64152875,0.62250875,0.57812875,0.64786875,0.70492875,0.64786875
11.4861111111111,0.058645,0.064985,0.064985,0.077665,0.055475,0.080835,0.061815,0.049135,0.061815,0.077665,0.042795,0.030115,0.023775,0.014265,0.014265,0.023775,0.017435,0.023775,0.017435,0.017435,0.017435,0.017435,0.014265,0.014265,0.112535,0.099855,0.141065,0.122045,0.137895,0.137895,0.153745,0.150575,0.099855,0.084005,0.103025,0.080835,0.096685,0.080835,0.087175,0.112535,0.052305,0.042795,0.033285,0.049135,0.045965,0.049135,0.049135,0.0554749999999999,0.023775,0.030115,0.030115,0.033285,0.030115,0.045965,0.045965,0.030115,0.033285,0.020605,0.039625,0.033285,0.058645,0.042795,0.071325,0.045965,0.049135,0.045965,0.033285,0.030115,0.039625,0.030115,0.030115,0.036455,0.122045,0.191785,0.118875,0.182275,0.182275,0.179105,0.144235,0.112535,0.039625,0.084005,0.049135,0.049135,0.039625,0.030115,0.087175,0.147405,0.036455,0.039625,0.036455,0.033285,0.020605,0.055475,0.033285,0.049135,0.023775,0.023775,0.020605,0.026945,0.023775,0.023775,0.020605,0.026945,0.033285,0.030115,0.020605,0.026945,0.030115,0.030115,0.042795,0.039625,0.039625,0.036455,0.036455,0.036455,0.036455,0.036455,0.039625,0.045965,1.767275,1.976495,1.992345,1.951135,1.973325,1.966985,1.951135,1.986005,0.179105,0.128385,0.125215,0.125215,0.141065,0.147405,0.153745,0.160085,0.118875,0.112535,0.109365,0.122045,0.118875,0.118875,0.118875,0.122045,0.569015,0.245675,0.385155,0.359795,0.429535,0.328095,0.435875,0.413685,0.530975,0.489765,0.226655,0.305905,0.578525,0.280545,0.597545,0.480255,0.746535,0.350285,0.632415,0.626075,0.572185,0.648265,0.708495,0.664115
11.6527777777778,0.05904125,0.06538125,0.06538125,0.07172125,0.06221125,0.08123125,0.06221125,0.05270125,0.06221125,0.07806125,0.04319125,0.03051125,0.02417125,0.01466125,0.01466125,0.02417125,0.01783125,0.02100125,0.01783125,0.01783125,0.01783125,0.01783125,0.01466125,0.01466125,0.112535,0.099855,0.141065,0.125215,0.141065,0.141065,0.156915,0.160085,0.099855,0.084005,0.103025,0.080835,0.096685,0.080835,0.087175,0.115705,0.0554749999999999,0.042795,0.033285,0.052305,0.045965,0.049135,0.0554749999999999,0.0554749999999999,0.03051125,0.03051125,0.03051125,0.03051125,0.03368125,0.04636125,0.04636125,0.03051125,0.03368125,0.02100125,0.04002125,0.03685125,0.05904125,0.03685125,0.06855125,0.04953125,0.04953125,0.04636125,0.03368125,0.03051125,0.04002125,0.03051125,0.02734125,0.03685125,0.112535,0.198125,0.115705,0.182275,0.182275,0.182275,0.144235,0.112535,0.036455,0.084005,0.049135,0.049135,0.039625,0.030115,0.087175,0.150575,0.03368125,0.03685125,0.04319125,0.03368125,0.02100125,0.05904125,0.02100125,0.04636125,0.023775,0.023775,0.020605,0.026945,0.023775,0.023775,0.023775,0.026945,0.033285,0.030115,0.023775,0.026945,0.030115,0.026945,0.042795,0.042795,0.039625,0.036455,0.036455,0.036455,0.036455,0.039625,0.039625,0.045965,1.957475,2.065255,2.055745,2.011365,2.039895,2.043065,2.052575,2.122315,0.179105,0.128385,0.128385,0.128385,0.141065,0.147405,0.156915,0.163255,0.115705,0.112535,0.106195,0.118875,0.118875,0.115705,0.122045,0.128385,0.56307125,0.23656125,0.36970125,0.32849125,0.39506125,0.30313125,0.40774125,0.37604125,0.55039125,0.46797125,0.22071125,0.28094125,0.56624125,0.29362125,0.58526125,0.41725125,0.75961125,0.36970125,0.66768125,0.63281125,0.57575125,0.66134125,0.72474125,0.66768125
11.8194444444444,0.05904125,0.06855125,0.06538125,0.06538125,0.06221125,0.08123125,0.06221125,0.05270125,0.06221125,0.07489125,0.04319125,0.03368125,0.02417125,0.01466125,0.02100125,0.02417125,0.01783125,0.02417125,0.01783125,0.01783125,0.01783125,0.01783125,0.01466125,0.01466125,0.115705,0.103025,0.144235,0.131555,0.144235,0.141065,0.156915,0.163255,0.099855,0.084005,0.103025,0.080835,0.096685,0.080835,0.087175,0.109365,0.052305,0.036455,0.033285,0.049135,0.049135,0.049135,0.0554749999999999,0.0554749999999999,0.02417125,0.03051125,0.02734125,0.03051125,0.03368125,0.04319125,0.04636125,0.03368125,0.03051125,0.02100125,0.04002125,0.03368125,0.05904125,0.04319125,0.06855125,0.04636125,0.04953125,0.04319125,0.03368125,0.03051125,0.04002125,0.03368125,0.03051125,0.03685125,0.122045,0.191785,0.115705,0.179105,0.185445,0.185445,0.144235,0.112535,0.045965,0.084005,0.049135,0.049135,0.039625,0.036455,0.090345,0.150575,0.03051125,0.04319125,0.04636125,0.03685125,0.03368125,0.05587125,0.02100125,0.04953125,0.023775,0.023775,0.020605,0.026945,0.023775,0.023775,0.023775,0.026945,0.033285,0.030115,0.023775,0.026945,0.030115,0.030115,0.042795,0.042795,0.039625,0.036455,0.036455,0.036455,0.036455,0.036455,0.039625,0.045965,1.970155,2.176205,2.166695,2.109635,2.122315,2.119145,2.100125,2.236435,0.182275,0.131555,0.128385,0.131555,0.144235,0.150575,0.160085,0.163255,0.118875,0.115705,0.109365,0.125215,0.122045,0.122045,0.118875,0.125215,0.56307125,0.28728125,0.43627125,0.39189125,0.45529125,0.36019125,0.44578125,0.40457125,0.58209125,0.50284125,0.23656125,0.29045125,0.60111125,0.29996125,0.61696125,0.46797125,0.78497125,0.40457125,0.68670125,0.67085125,0.58843125,0.68670125,0.75961125,0.67719125
11.9861111111111,0.058645,0.064985,0.064985,0.077665,0.061815,0.080835,0.055475,0.052305,0.061815,0.074495,0.042795,0.033285,0.026945,0.014265,0.014265,0.023775,0.017435,0.020605,0.017435,0.017435,0.017435,0.017435,0.014265,0.014265,0.115705,0.103025,0.147405,0.131555,0.144235,0.144235,0.160085,0.163255,0.099855,0.084005,0.106195,0.080835,0.096685,0.080835,0.087175,0.109365,0.052305,0.039625,0.033285,0.052305,0.049135,0.052305,0.049135,0.061815,0.023775,0.030115,0.026945,0.033285,0.033285,0.045965,0.045965,0.036455,0.030115,0.020605,0.039625,0.036455,0.058645,0.045965,0.074495,0.045965,0.049135,0.045965,0.033285,0.030115,0.039625,0.030115,0.030115,0.036455,0.118875,0.198125,0.115705,0.179105,0.191785,0.188615,0.153745,0.115705,0.042795,0.084005,0.049135,0.049135,0.039625,0.030115,0.090345,0.153745,0.030115,0.042795,0.045965,0.036455,0.033285,0.055475,0.020605,0.045965,0.023775,0.023775,0.020605,0.026945,0.023775,0.023775,0.020605,0.026945,0.033285,0.030115,0.020605,0.026945,0.030115,0.030115,0.042795,0.042795,0.039625,0.036455,0.036455,0.036455,0.036455,0.036455,0.039625,0.045965,1.903585,2.106465,2.087445,2.030385,2.043065,2.043065,2.036725,2.252285,0.185445,0.131555,0.128385,0.131555,0.141065,0.153745,0.160085,0.166425,0.115705,0.112535,0.112535,0.125215,0.122045,0.122045,0.118875,0.128385,0.575355,0.267865,0.407345,0.378815,0.454895,0.366135,0.458065,0.420025,0.584865,0.499275,0.236165,0.324925,0.597545,0.305905,0.607055,0.502445,0.809935,0.388325,0.673625,0.664115,0.588035,0.670455,0.733855,0.683135
12.1527777777778,0.06221125,0.06855125,0.06538125,0.07489125,0.05587125,0.08440125,0.06221125,0.05270125,0.06221125,0.07489125,0.04319125,0.03368125,0.02417125,0.01466125,0.01783125,0.02417125,0.01783125,0.02100125,0.01783125,0.01783125,0.01783125,0.01783125,0.01466125,0.01466125,0.118875,0.106195,0.147405,0.137895,0.144235,0.144235,0.163255,0.163255,0.099855,0.084005,0.106195,0.080835,0.096685,0.080835,0.087175,0.109365,0.058645,0.036455,0.033285,0.052305,0.052305,0.052305,0.058645,0.058645,0.02417125,0.03051125,0.03051125,0.03051125,0.03368125,0.04636125,0.04636125,0.03051125,0.03051125,0.02100125,0.04002125,0.03685125,0.05904125,0.03685125,0.07489125,0.04953125,0.04953125,0.04636125,0.03051125,0.03051125,0.04002125,0.03368125,0.03051125,0.03685125,0.115705,0.198125,0.112535,0.179105,0.194955,0.194955,0.156915,0.115705,0.045965,0.084005,0.052305,0.052305,0.033285,0.030115,0.090345,0.153745,0.03051125,0.04319125,0.04319125,0.03685125,0.02417125,0.05270125,0.02100125,0.04953125,0.023775,0.023775,0.020605,0.026945,0.023775,0.023775,0.020605,0.026945,0.033285,0.030115,0.023775,0.026945,0.030115,0.030115,0.042795,0.042795,0.039625,0.036455,0.036455,0.036455,0.036455,0.036455,0.039625,0.045965,1.884565,2.062085,2.020875,1.947965,1.970155,1.986005,2.017705,2.299835,0.188615,0.131555,0.131555,0.131555,0.147405,0.153745,0.163255,0.169595,0.125215,0.118875,0.112535,0.128385,0.118875,0.122045,0.122045,0.134725,0.57258125,0.30947125,0.43944125,0.39506125,0.47114125,0.36970125,0.45846125,0.39823125,0.60428125,0.52186125,0.25241125,0.30313125,0.62013125,0.31264125,0.62330125,0.46480125,0.85154125,0.43944125,0.71206125,0.70889125,0.60745125,0.69621125,0.76595125,0.68353125
12.3194444444444,0.06221125,0.06538125,0.06538125,0.07806125,0.05904125,0.08440125,0.06221125,0.05270125,0.06221125,0.07806125,0.04319125,0.03368125,0.02417125,0.01466125,0.01466125,0.02417125,0.01783125,0.02100125,0.01783125,0.01783125,0.01783125,0.01783125,0.01466125,0.01466125,0.118875,0.106195,0.150575,0.141065,0.147405,0.144235,0.163255,0.169595,0.099855,0.087175,0.106195,0.080835,0.103025,0.080835,0.087175,0.122045,0.058645,0.036455,0.036455,0.052305,0.049135,0.052305,0.0554749999999999,0.061815,0.02417125,0.03051125,0.03051125,0.03368125,0.03368125,0.04953125,0.04636125,0.03368125,0.03685125,0.02100125,0.04319125,0.03685125,0.05904125,0.04319125,0.07489125,0.04953125,0.04953125,0.04636125,0.03368125,0.03051125,0.04002125,0.03368125,0.03051125,0.03685125,0.115705,0.188615,0.115705,0.175935,0.194955,0.194955,0.153745,0.118875,0.036455,0.084005,0.052305,0.052305,0.039625,0.036455,0.093515,0.153745,0.03051125,0.04319125,0.04953125,0.03051125,0.03368125,0.04953125,0.02100125,0.04319125,0.023775,0.023775,0.020605,0.026945,0.023775,0.023775,0.023775,0.026945,0.033285,0.030115,0.023775,0.026945,0.030115,0.030115,0.042795,0.042795,0.039625,0.036455,0.036455,0.036455,0.036455,0.036455,0.039625,0.045965,2.039895,2.185715,2.141335,2.074765,2.109635,2.138165,2.179375,2.451995,0.191785,0.134725,0.134725,0.134725,0.150575,0.156915,0.163255,0.172765,0.115705,0.118875,0.112535,0.128385,0.125215,0.125215,0.125215,0.131555,0.57258125,0.31581125,0.42042125,0.37287125,0.43944125,0.35068125,0.43310125,0.37287125,0.60745125,0.51869125,0.26192125,0.29996125,0.60428125,0.31264125,0.61696125,0.42359125,0.79765125,0.46480125,0.71523125,0.71206125,0.62647125,0.70572125,0.75644125,0.67719125
12.4861111111111,0.061815,0.068155,0.064985,0.061815,0.061815,0.084005,0.061815,0.052305,0.061815,0.077665,0.042795,0.033285,0.026945,0.014265,0.014265,0.023775,0.017435,0.023775,0.017435,0.017435,0.017435,0.017435,0.017435,0.014265,0.122045,0.109365,0.153745,0.141065,0.150575,0.144235,0.166425,0.169595,0.103025,0.087175,0.106195,0.080835,0.099855,0.080835,0.090345,0.122045,0.064985,0.036455,0.033285,0.052305,0.049135,0.0554749999999999,0.0554749999999999,0.061815,0.023775,0.030115,0.030115,0.030115,0.030115,0.052305,0.045965,0.030115,0.030115,0.020605,0.042795,0.039625,0.058645,0.042795,0.071325,0.045965,0.049135,0.045965,0.033285,0.030115,0.039625,0.033285,0.026945,0.036455,0.118875,0.188615,0.112535,0.175935,0.204465,0.198125,0.160085,0.125215,0.039625,0.087175,0.052305,0.052305,0.042795,0.033285,0.093515,0.156915,0.036455,0.042795,0.036455,0.036455,0.033285,0.061815,0.020605,0.049135,0.023775,0.023775,0.020605,0.026945,0.023775,0.023775,0.023775,0.026945,0.033285,0.030115,0.023775,0.026945,0.030115,0.030115,0.042795,0.042795,0.039625,0.036455,0.036455,0.036455,0.036455,0.036455,0.039625,0.045965,2.068425,2.163525,2.128655,2.068425,2.096955,2.119145,2.147675,2.451995,0.191785,0.134725,0.131555,0.134725,0.147405,0.156915,0.166425,0.172765,0.122045,0.122045,0.115705,0.131555,0.125215,0.125215,0.125215,0.131555,0.594375,0.277375,0.404175,0.372475,0.423195,0.353455,0.435875,0.381985,0.578525,0.530975,0.245675,0.312245,0.588035,0.302735,0.607055,0.448555,0.778235,0.416855,0.702155,0.670455,0.632415,0.686305,0.727515,0.664115
12.6527777777778,0.06221125,0.06855125,0.06538125,0.06855125,0.05904125,0.08440125,0.06538125,0.05270125,0.06221125,0.07806125,0.04319125,0.03368125,0.02734125,0.01466125,0.02100125,0.02417125,0.01783125,0.02100125,0.01783125,0.01783125,0.01783125,0.01783125,0.01466125,0.01466125,0.12164875,0.10896875,0.15334875,0.14383875,0.15017875,0.14700875,0.16602875,0.17236875,0.10262875,0.08677875,0.10896875,0.08043875,0.09945875,0.08043875,0.08994875,0.09311875,0.05507875,0.04239875,0.03605875,0.05507875,0.05190875,0.05190875,0.05507875,0.06141875,0.02734125,0.03368125,0.03051125,0.03368125,0.03368125,0.04636125,0.04636125,0.03051125,0.03051125,0.02100125,0.04319125,0.03685125,0.06221125,0.04002125,0.07172125,0.04953125,0.04953125,0.04636125,0.03368125,0.03051125,0.04002125,0.03368125,0.03051125,0.03685125,0.12798875,0.18504875,0.11847875,0.17553875,0.20406875,0.19772875,0.15968875,0.12481875,0.04239875,0.08677875,0.05190875,0.05190875,0.04239875,0.03288875,0.09311875,0.15968875,0.03368125,0.04319125,0.04319125,0.02734125,0.02100125,0.04953125,0.02100125,0.04953125,0.02337875,0.02337875,0.02020875,0.02654875,0.02337875,0.02337875,0.02337875,0.02654875,0.03288875,0.02971875,0.02337875,0.02654875,0.02971875,0.02971875,0.04239875,0.04239875,0.03922875,0.03605875,0.03605875,0.03605875,0.03605875,0.03605875,0.03922875,0.04556875,2.10289875,2.20433875,2.16312875,2.09338875,2.11240875,2.12825875,2.13142875,2.51499875,0.19138875,0.13749875,0.13432875,0.13749875,0.15334875,0.15651875,0.16919875,0.17553875,0.12164875,0.12164875,0.11530875,0.13115875,0.12164875,0.12481875,0.12164875,0.13432875,0.57892125,0.28411125,0.39506125,0.36336125,0.42042125,0.34434125,0.44261125,0.37287125,0.59160125,0.52503125,0.25558125,0.29362125,0.61062125,0.32532125,0.63281125,0.40774125,0.80082125,0.46163125,0.74059125,0.70572125,0.66451125,0.72157125,0.75644125,0.67719125
12.8194444444444,0.061815,0.064985,0.064985,0.071325,0.055475,0.084005,0.061815,0.052305,0.061815,0.077665,0.042795,0.033285,0.026945,0.014265,0.014265,0.023775,0.017435,0.023775,0.017435,0.017435,0.020605,0.017435,0.014265,0.014265,0.125215,0.112535,0.156915,0.147405,0.150575,0.150575,0.169595,0.175935,0.103025,0.087175,0.109365,0.084005,0.099855,0.084005,0.090345,0.090345,0.0554749999999999,0.042795,0.036455,0.045965,0.049135,0.0554749999999999,0.0554749999999999,0.064985,0.026945,0.033285,0.023775,0.030115,0.033285,0.045965,0.045965,0.033285,0.033285,0.020605,0.039625,0.036455,0.058645,0.042795,0.074495,0.049135,0.049135,0.045965,0.033285,0.030115,0.039625,0.030115,0.026945,0.036455,0.131555,0.185445,0.122045,0.175935,0.204465,0.198125,0.160085,0.128385,0.042795,0.087175,0.052305,0.0554749999999999,0.042795,0.036455,0.096685,0.160085,0.030115,0.030115,0.033285,0.026945,0.020605,0.052305,0.020605,0.049135,0.023775,0.023775,0.020605,0.026945,0.023775,0.023775,0.023775,0.026945,0.033285,0.030115,0.023775,0.026945,0.030115,0.030115,0.042795,0.042795,0.039625,0.036455,0.036455,0.036455,0.036455,0.036455,0.039625,0.045965,2.157185,2.217415,2.179375,2.106465,2.125485,2.147675,2.157185,2.575625,0.191785,0.137895,0.134725,0.137895,0.153745,0.163255,0.172765,0.179105,0.128385,0.122045,0.118875,0.131555,0.128385,0.125215,0.128385,0.141065,0.581695,0.248845,0.378815,0.353455,0.423195,0.343945,0.445385,0.394665,0.588035,0.502445,0.245675,0.315415,0.603885,0.315415,0.635585,0.461235,0.806765,0.407345,0.714835,0.692645,0.638755,0.702155,0.746535,0.686305
12.9861111111111,0.061815,0.068155,0.064985,0.077665,0.061815,0.084005,0.064985,0.052305,0.061815,0.077665,0.042795,0.033285,0.026945,0.014265,0.014265,0.023775,0.017435,0.020605,0.017435,0.017435,0.017435,0.017435,0.014265,0.014265,0.128385,0.112535,0.160085,0.147405,0.153745,0.150575,0.172765,0.175935,0.103025,0.087175,0.109365,0.084005,0.099855,0.084005,0.090345,0.106195,0.052305,0.042795,0.036455,0.0554749999999999,0.052305,0.0554749999999999,0.045965,0.068155,0.026945,0.033285,0.026945,0.033285,0.033285,0.045965,0.045965,0.036455,0.030115,0.020605,0.042795,0.036455,0.061815,0.045965,0.074495,0.049135,0.049135,0.045965,0.033285,0.030115,0.042795,0.030115,0.030115,0.039625,0.137895,0.185445,0.125215,0.179105,0.201295,0.204465,0.163255,0.131555,0.049135,0.087175,0.052305,0.0554749999999999,0.042795,0.036455,0.096685,0.166425,0.033285,0.036455,0.039625,0.026945,0.026945,0.055475,0.020605,0.049135,0.023775,0.023775,0.020605,0.026945,0.023775,0.023775,0.023775,0.026945,0.033285,0.030115,0.023775,0.026945,0.030115,0.030115,0.042795,0.042795,0.039625,0.036455,0.036455,0.036455,0.036455,0.036455,0.039625,0.045965,2.122315,2.185715,2.144505,2.074765,2.106465,2.141335,2.166695,2.569285,0.198125,0.137895,0.137895,0.141065,0.156915,0.163255,0.172765,0.179105,0.122045,0.125215,0.115705,0.131555,0.128385,0.131555,0.131555,0.137895,0.594375,0.248845,0.388325,0.385155,0.467575,0.369305,0.467575,0.401005,0.565845,0.518295,0.271035,0.347115,0.635585,0.312245,0.660945,0.473915,0.787745,0.429535,0.733855,0.721175,0.657775,0.714835,0.775065,0.692645
13.1527777777778,0.061815,0.068155,0.064985,0.077665,0.061815,0.080835,0.061815,0.052305,0.061815,0.080835,0.042795,0.033285,0.026945,0.014265,0.020605,0.023775,0.017435,0.020605,0.017435,0.017435,0.017435,0.017435,0.014265,0.014265,0.12798875,0.11530875,0.15968875,0.15017875,0.15651875,0.15334875,0.17236875,0.17870875,0.10262875,0.08677875,0.10896875,0.08360875,0.09945875,0.08360875,0.08994875,0.12798875,0.06458875,0.03922875,0.03605875,0.05507875,0.05190875,0.05824875,0.04556875,0.06775875,0.026945,0.033285,0.030115,0.033285,0.033285,0.049135,0.045965,0.033285,0.033285,0.020605,0.042795,0.036455,0.061815,0.042795,0.074495,0.045965,0.049135,0.042795,0.033285,0.030115,0.039625,0.030115,0.030115,0.036455,0.13432875,0.17870875,0.12481875,0.17870875,0.20089875,0.20089875,0.16919875,0.12481875,0.05190875,0.08994875,0.05507875,0.05507875,0.04239875,0.03605875,0.09945875,0.16602875,0.033285,0.039625,0.036455,0.026945,0.026945,0.049135,0.026945,0.045965,0.02337875,0.02337875,0.02020875,0.02654875,0.02337875,0.02337875,0.02337875,0.02654875,0.03288875,0.02971875,0.02337875,0.02654875,0.02971875,0.02971875,0.04239875,0.04239875,0.03922875,0.03605875,0.03605875,0.03605875,0.03605875,0.03605875,0.03922875,0.04556875,2.12191875,2.15678875,2.10289875,2.03315875,2.05851875,2.09655875,2.13776875,2.59741875,0.19455875,0.13749875,0.14066875,0.14066875,0.15334875,0.16602875,0.17553875,0.18187875,0.12164875,0.12481875,0.11530875,0.13115875,0.12798875,0.13432875,0.13432875,0.13749875,0.588035,0.226655,0.366135,0.372475,0.451725,0.369305,0.461235,0.401005,0.530975,0.489765,0.271035,0.359795,0.629245,0.315415,0.651435,0.473915,0.838465,0.410515,0.708495,0.702155,0.670455,0.705325,0.759215,0.698985
13.3194444444444,0.061815,0.068155,0.064985,0.077665,0.061815,0.084005,0.064985,0.052305,0.061815,0.080835,0.045965,0.033285,0.026945,0.014265,0.023775,0.026945,0.017435,0.023775,0.017435,0.017435,0.017435,0.017435,0.014265,0.014265,0.131555,0.115705,0.166425,0.153745,0.156915,0.153745,0.175935,0.185445,0.106195,0.087175,0.109365,0.084005,0.099855,0.084005,0.090345,0.115705,0.064985,0.045965,0.036455,0.0554749999999999,0.049135,0.0554749999999999,0.045965,0.064985,0.026945,0.033285,0.030115,0.033285,0.033285,0.045965,0.045965,0.033285,0.033285,0.020605,0.039625,0.036455,0.061815,0.039625,0.077665,0.052305,0.052305,0.045965,0.033285,0.030115,0.039625,0.033285,0.030115,0.036455,0.147405,0.166425,0.125215,0.179105,0.204465,0.201295,0.169595,0.128385,0.045965,0.090345,0.052305,0.0554749999999999,0.042795,0.036455,0.099855,0.169595,0.033285,0.042795,0.030115,0.026945,0.023775,0.052305,0.023775,0.045965,0.023775,0.023775,0.020605,0.026945,0.023775,0.023775,0.023775,0.026945,0.033285,0.030115,0.023775,0.026945,0.030115,0.030115,0.042795,0.042795,0.039625,0.036455,0.036455,0.036455,0.036455,0.036455,0.039625,0.045965,2.204735,2.160355,2.109635,2.033555,2.068425,2.106465,2.144505,2.680235,0.201295,0.144235,0.141065,0.141065,0.160085,0.166425,0.175935,0.185445,0.122045,0.125215,0.122045,0.131555,0.131555,0.134725,0.131555,0.137895,0.591205,0.239335,0.416855,0.394665,0.477085,0.391495,0.473915,0.394665,0.600715,0.492935,0.283715,0.324925,0.660945,0.331265,0.673625,0.439045,0.841635,0.480255,0.771895,0.762385,0.673625,0.756045,0.832125,0.721175
13.4861111111111,0.061815,0.064985,0.068155,0.080835,0.061815,0.087175,0.058645,0.052305,0.061815,0.080835,0.049135,0.033285,0.026945,0.014265,0.014265,0.023775,0.017435,0.020605,0.017435,0.017435,0.017435,0.017435,0.014265,0.014265,0.13432875,0.11530875,0.16602875,0.15651875,0.15651875,0.15334875,0.17870875,0.18187875,0.10579875,0.08677875,0.10896875,0.08360875,0.09945875,0.08360875,0.08994875,0.08677875,0.06141875,0.04556875,0.03605875,0.05507875,0.05190875,0.05824875,0.06141875,0.06458875,0.026945,0.033285,0.030115,0.033285,0.033285,0.045965,0.045965,0.036455,0.036455,0.020605,0.039625,0.036455,0.061815,0.042795,0.074495,0.049135,0.052305,0.045965,0.033285,0.030115,0.036455,0.033285,0.030115,0.036455,0.15017875,0.16285875,0.12481875,0.17870875,0.20089875,0.20406875,0.17236875,0.13115875,0.04239875,0.08994875,0.05190875,0.05507875,0.04239875,0.04873875,0.09945875,0.17236875,0.033285,0.042795,0.039625,0.033285,0.036455,0.061815,0.020605,0.049135,0.02337875,0.02337875,0.02020875,0.02654875,0.02337875,0.02337875,0.02020875,0.02654875,0.03288875,0.02971875,0.02337875,0.02654875,0.02971875,0.02971875,0.04239875,0.04239875,0.03922875,0.03605875,0.03605875,0.03605875,0.03605875,0.03605875,0.03922875,0.04556875,2.22969875,2.25188875,2.20116875,2.13459875,2.16629875,2.19799875,2.22969875,2.71787875,0.20406875,0.14383875,0.14066875,0.14383875,0.16285875,0.16919875,0.17870875,0.18821875,0.12481875,0.12481875,0.10896875,0.13749875,0.13432875,0.12798875,0.13432875,0.15334875,0.603885,0.267865,0.435875,0.410515,0.483425,0.413685,0.483425,0.394665,0.578525,0.511955,0.290055,0.350285,0.654605,0.340775,0.673625,0.458065,0.825785,0.521465,0.768725,0.756045,0.683135,0.752875,0.806765,0.714835
13.6527777777778,0.061815,0.068155,0.064985,0.080835,0.061815,0.080835,0.061815,0.052305,0.061815,0.080835,0.052305,0.033285,0.026945,0.014265,0.023775,0.026945,0.017435,0.020605,0.017435,0.017435,0.020605,0.017435,0.014265,0.014265,0.1339325,0.1180825,0.1688025,0.1592925,0.1592925,0.1561225,0.1783125,0.1846525,0.1085725,0.0863825,0.1117425,0.0832125,0.1022325,0.0832125,0.0895525,0.1022325,0.0546825,0.0451725,0.0388325,0.0610225,0.0515125,0.0578525,0.0515125,0.0673625,0.033285,0.030115,0.030115,0.033285,0.033285,0.045965,0.049135,0.033285,0.036455,0.020605,0.039625,0.033285,0.058645,0.042795,0.077665,0.055475,0.049135,0.042795,0.030115,0.030115,0.036455,0.030115,0.030115,0.036455,0.1592925,0.1497825,0.1275925,0.1751425,0.2036725,0.2068425,0.1719725,0.1307625,0.0483425,0.0895525,0.0546825,0.0546825,0.0451725,0.0356625,0.1022325,0.1656325,0.033285,0.030115,0.049135,0.026945,0.023775,0.049135,0.030115,0.052305,0.0229825,0.0229825,0.0198125,0.0261525,0.0229825,0.0229825,0.0229825,0.0261525,0.0324925,0.0293225,0.0229825,0.0261525,0.0293225,0.0293225,0.0420025,0.0420025,0.0388325,0.0356625,0.0356625,0.0356625,0.0356625,0.0356625,0.0388325,0.0451725,2.1563925,2.1659025,2.0961625,2.0327625,2.0739725,2.1215225,2.1754125,2.6572525,0.2068425,0.1466125,0.1434425,0.1434425,0.1624625,0.1688025,0.1814825,0.1878225,0.1244225,0.1275925,0.1212525,0.1371025,0.1371025,0.1339325,0.1371025,0.1497825,0.616565,0.252015,0.448555,0.429535,0.508785,0.445385,0.508785,0.442215,0.603885,0.530975,0.290055,0.420025,0.654605,0.350285,0.673625,0.559505,0.832125,0.467575,0.756045,0.740195,0.676795,0.733855,0.790915,0.733855
13.8194444444444,0.06221125,0.06855125,0.06538125,0.07489125,0.05904125,0.08440125,0.06538125,0.05270125,0.06221125,0.08123125,0.05587125,0.03368125,0.02734125,0.01466125,0.02100125,0.02417125,0.01783125,0.02100125,0.01783125,0.01783125,0.01783125,0.01783125,0.01466125,0.01466125,0.13749875,0.11847875,0.16919875,0.16285875,0.15968875,0.15651875,0.18187875,0.18504875,0.10896875,0.08994875,0.11213875,0.08360875,0.10262875,0.08360875,0.08994875,0.12164875,0.07092875,0.04556875,0.03922875,0.05824875,0.05507875,0.05190875,0.05190875,0.07092875,0.03051125,0.03368125,0.03051125,0.03368125,0.03368125,0.04953125,0.04636125,0.03685125,0.03368125,0.02100125,0.04319125,0.04002125,0.06221125,0.04319125,0.06855125,0.05270125,0.04953125,0.04636125,0.03368125,0.03051125,0.04002125,0.03368125,0.03051125,0.03685125,0.15651875,0.14383875,0.12798875,0.17553875,0.20406875,0.20723875,0.17870875,0.13432875,0.04239875,0.08994875,0.04556875,0.05507875,0.03922875,0.03922875,0.10262875,0.17236875,0.03368125,0.04636125,0.04002125,0.02734125,0.02100125,0.05904125,0.02100125,0.04636125,0.02337875,0.02337875,0.02020875,0.02654875,0.02337875,0.02337875,0.02337875,0.02654875,0.03288875,0.02971875,0.02337875,0.02971875,0.02971875,0.02971875,0.04239875,0.04239875,0.03922875,0.03605875,0.03605875,0.03605875,0.03605875,0.03605875,0.03922875,0.04556875,2.22969875,2.14727875,2.06485875,2.00462875,2.07119875,2.12825875,2.20116875,2.71787875,0.20406875,0.14700875,0.14383875,0.14700875,0.16602875,0.17236875,0.17553875,0.19138875,0.13115875,0.12798875,0.12164875,0.14066875,0.13749875,0.13749875,0.13749875,0.14383875,0.61696125,0.24924125,0.43627125,0.41725125,0.49650125,0.42993125,0.49650125,0.42042125,0.64549125,0.50601125,0.29996125,0.36653125,0.66451125,0.35702125,0.68987125,0.50918125,0.83569125,0.49967125,0.78180125,0.77229125,0.69621125,0.76595125,0.82935125,0.74693125
13.9861111111111,0.06458875,0.06775875,0.06775875,0.07726875,0.06141875,0.07726875,0.05507875,0.05507875,0.06141875,0.08043875,0.05824875,0.03288875,0.02654875,0.01386875,0.02020875,0.02337875,0.01703875,0.02020875,0.01703875,0.01703875,0.01703875,0.01703875,0.01386875,0.01386875,0.137895,0.122045,0.172765,0.163255,0.160085,0.156915,0.182275,0.188615,0.109365,0.087175,0.112535,0.084005,0.103025,0.084005,0.090345,0.112535,0.058645,0.045965,0.042795,0.052305,0.0554749999999999,0.049135,0.052305,0.071325,0.03288875,0.03288875,0.02971875,0.02971875,0.03288875,0.04556875,0.04873875,0.03605875,0.02971875,0.02020875,0.04239875,0.03605875,0.06141875,0.04239875,0.07409875,0.05507875,0.05190875,0.04239875,0.03288875,0.02971875,0.03922875,0.03288875,0.03288875,0.03605875,0.163255,0.144235,0.125215,0.175935,0.201295,0.210805,0.179105,0.131555,0.042795,0.090345,0.045965,0.0554749999999999,0.036455,0.036455,0.099855,0.163255,0.03288875,0.04239875,0.05190875,0.02654875,0.02020875,0.04873875,0.02337875,0.04239875,0.023775,0.023775,0.020605,0.026945,0.023775,0.023775,0.023775,0.026945,0.033285,0.030115,0.023775,0.026945,0.030115,0.030115,0.042795,0.042795,0.039625,0.036455,0.036455,0.036455,0.036455,0.036455,0.039625,0.045965,2.277645,2.188885,2.115975,2.055745,2.093785,2.131825,2.214245,2.775335,0.204465,0.147405,0.144235,0.147405,0.166425,0.172765,0.182275,0.194955,0.141065,0.131555,0.122045,0.141065,0.137895,0.137895,0.137895,0.144235,0.61299875,0.26112875,0.46083875,0.43547875,0.51789875,0.46400875,0.52423875,0.43864875,0.66688875,0.51789875,0.31184875,0.38792875,0.68273875,0.36573875,0.70492875,0.53691875,0.84123875,0.49887875,0.77466875,0.78734875,0.70492875,0.76832875,0.82855875,0.73979875
14.1527777777778,0.06141875,0.06775875,0.06775875,0.07409875,0.06141875,0.08677875,0.06458875,0.05190875,0.06141875,0.08043875,0.06458875,0.03288875,0.02654875,0.01386875,0.01703875,0.02337875,0.01703875,0.02020875,0.01703875,0.01703875,0.01703875,0.01703875,0.01386875,0.01386875,0.141065,0.122045,0.172765,0.166425,0.163255,0.156915,0.185445,0.191785,0.109365,0.087175,0.112535,0.084005,0.103025,0.084005,0.090345,0.103025,0.064985,0.049135,0.042795,0.061815,0.0554749999999999,0.052305,0.064985,0.074495,0.02654875,0.03288875,0.02654875,0.03288875,0.03605875,0.04873875,0.04873875,0.03605875,0.03605875,0.02020875,0.04239875,0.03922875,0.06141875,0.04556875,0.08043875,0.05824875,0.05190875,0.04556875,0.02971875,0.02971875,0.03922875,0.03288875,0.02971875,0.03605875,0.185445,0.137895,0.128385,0.179105,0.201295,0.210805,0.182275,0.131555,0.0554749999999999,0.090345,0.049135,0.058645,0.045965,0.039625,0.103025,0.166425,0.03288875,0.03288875,0.05190875,0.02654875,0.02020875,0.05824875,0.03922875,0.04239875,0.023775,0.023775,0.020605,0.026945,0.023775,0.023775,0.020605,0.026945,0.033285,0.030115,0.023775,0.026945,0.030115,0.030115,0.042795,0.042795,0.039625,0.036455,0.036455,0.036455,0.036455,0.036455,0.039625,0.045965,2.226925,2.195225,2.115975,2.062085,2.096955,2.138165,2.226925,2.734125,0.207635,0.150575,0.147405,0.150575,0.166425,0.175935,0.185445,0.194955,0.137895,0.131555,0.122045,0.137895,0.137895,0.131555,0.141065,0.144235,0.63518875,0.26112875,0.47034875,0.45132875,0.53691875,0.46717875,0.53691875,0.45132875,0.64152875,0.53374875,0.32769875,0.39743875,0.68273875,0.37524875,0.70492875,0.57812875,0.81270875,0.49570875,0.77149875,0.77466875,0.70175875,0.75564875,0.81587875,0.74613875
14.3194444444444,0.06141875,0.07092875,0.06458875,0.07726875,0.06141875,0.08043875,0.06141875,0.05190875,0.06141875,0.08043875,0.06458875,0.03288875,0.02654875,0.01386875,0.02020875,0.02337875,0.01703875,0.02337875,0.01703875,0.01703875,0.01703875,0.01703875,0.01386875,0.01386875,0.1402725,0.1212525,0.1751425,0.1688025,0.1624625,0.1592925,0.1846525,0.1909925,0.1085725,0.0895525,0.1117425,0.0832125,0.1022325,0.0832125,0.0927225,0.0990625,0.0737025,0.0483425,0.0420025,0.0483425,0.0515125,0.0483425,0.0610225,0.0737025,0.02654875,0.03288875,0.02971875,0.02971875,0.03288875,0.04556875,0.04556875,0.03922875,0.02971875,0.02020875,0.04239875,0.03922875,0.06141875,0.04239875,0.07726875,0.05507875,0.04873875,0.04239875,0.03288875,0.02971875,0.03605875,0.02971875,0.02971875,0.03605875,0.1846525,0.1212525,0.1307625,0.1751425,0.2068425,0.2131825,0.1783125,0.1307625,0.0578525,0.0895525,0.0451725,0.0578525,0.0356625,0.0420025,0.1022325,0.1656325,0.03288875,0.03922875,0.03922875,0.02654875,0.02020875,0.05507875,0.03605875,0.04873875,0.0229825,0.0229825,0.0198125,0.0261525,0.0229825,0.0229825,0.0229825,0.0261525,0.0324925,0.0293225,0.0229825,0.0293225,0.0293225,0.0293225,0.0451725,0.0420025,0.0388325,0.0356625,0.0356625,0.0356625,0.0356625,0.0356625,0.0388325,0.0451725,2.2419825,2.2134525,2.1151825,2.0612925,2.1056725,2.1532225,2.2419825,2.7777125,0.2100125,0.1497825,0.1497825,0.1497825,0.1688025,0.1751425,0.1846525,0.1973325,0.1307625,0.1339325,0.1244225,0.1402725,0.1339325,0.1402725,0.1402725,0.1561225,0.63201875,0.26746875,0.49253875,0.47351875,0.55593875,0.49570875,0.54959875,0.46717875,0.71760875,0.54325875,0.33720875,0.42913875,0.68907875,0.37207875,0.71126875,0.60665875,0.85708875,0.51155875,0.77783875,0.78417875,0.71443875,0.76198875,0.82221875,0.76515875
14.4861111111111,0.061815,0.064985,0.068155,0.077665,0.061815,0.087175,0.064985,0.052305,0.061815,0.080835,0.061815,0.033285,0.026945,0.014265,0.020605,0.026945,0.017435,0.020605,0.017435,0.017435,0.020605,0.017435,0.014265,0.014265,0.14066875,0.12481875,0.17553875,0.16919875,0.16285875,0.15968875,0.18821875,0.19455875,0.10896875,0.08994875,0.11213875,0.08360875,0.09945875,0.08360875,0.09311875,0.12481875,0.06141875,0.04873875,0.03922875,0.05190875,0.05824875,0.05824875,0.06458875,0.07092875,0.026945,0.033285,0.026945,0.033285,0.036455,0.045965,0.049135,0.036455,0.030115,0.023775,0.039625,0.039625,0.061815,0.042795,0.080835,0.058645,0.049135,0.042795,0.036455,0.030115,0.039625,0.030115,0.030115,0.036455,0.18504875,0.11530875,0.12798875,0.18187875,0.20089875,0.21040875,0.18504875,0.13115875,0.04873875,0.08994875,0.05824875,0.05824875,0.04556875,0.04239875,0.10262875,0.16602875,0.033285,0.042795,0.045965,0.026945,0.020605,0.052305,0.020605,0.052305,0.02337875,0.02337875,0.02020875,0.02654875,0.02337875,0.02337875,0.02337875,0.02654875,0.03288875,0.02971875,0.02337875,0.02971875,0.02971875,0.02971875,0.04239875,0.04239875,0.03922875,0.03605875,0.03605875,0.03605875,0.03605875,0.03605875,0.03922875,0.04556875,2.35015875,2.26456875,2.16946875,2.11874875,2.15044875,2.18531875,2.24554875,2.87954875,0.20406875,0.15334875,0.15017875,0.15334875,0.17236875,0.17870875,0.18821875,0.20089875,0.13749875,0.13115875,0.12798875,0.14066875,0.13749875,0.13749875,0.14383875,0.15017875,0.651435,0.267865,0.486595,0.470745,0.553165,0.489765,0.556335,0.470745,0.724345,0.553165,0.362965,0.448555,0.692645,0.372475,0.718005,0.607055,0.844805,0.518295,0.771895,0.775065,0.727515,0.762385,0.809935,0.759215
14.6527777777778,0.06221125,0.06855125,0.06855125,0.08123125,0.06538125,0.08757125,0.06538125,0.05270125,0.06221125,0.08440125,0.06221125,0.03368125,0.02734125,0.01466125,0.01783125,0.02417125,0.01783125,0.02417125,0.01783125,0.02100125,0.01783125,0.01783125,0.01466125,0.01466125,0.1434425,0.1244225,0.1783125,0.1719725,0.1624625,0.1592925,0.1878225,0.1973325,0.1117425,0.0895525,0.1117425,0.0832125,0.0990625,0.0832125,0.0927225,0.1085725,0.0610225,0.0483425,0.0420025,0.0483425,0.0578525,0.0641925,0.0641925,0.0737025,0.02734125,0.03368125,0.02734125,0.03368125,0.03368125,0.04636125,0.04636125,0.04002125,0.03051125,0.02100125,0.04319125,0.04002125,0.06221125,0.04636125,0.08123125,0.05587125,0.04953125,0.04319125,0.03368125,0.03051125,0.04002125,0.03368125,0.03051125,0.03685125,0.1973325,0.1212525,0.1307625,0.1814825,0.2100125,0.2131825,0.1846525,0.1244225,0.0546825,0.0863825,0.0483425,0.0578525,0.0356625,0.0420025,0.1022325,0.1688025,0.03368125,0.04002125,0.05270125,0.02734125,0.02100125,0.05270125,0.03051125,0.04636125,0.0229825,0.0229825,0.0198125,0.0261525,0.0229825,0.0229825,0.0229825,0.0261525,0.0324925,0.0293225,0.0229825,0.0293225,0.0293225,0.0293225,0.0420025,0.0420025,0.0388325,0.0356625,0.0356625,0.0356625,0.0356625,0.0356625,0.0388325,0.0451725,2.2261325,2.1627325,2.0612925,2.0074025,2.0486125,2.1025025,2.1754125,2.7999025,0.2163525,0.1529525,0.1497825,0.1529525,0.1719725,0.1783125,0.1909925,0.2036725,0.1339325,0.1339325,0.1275925,0.1466125,0.1434425,0.1466125,0.1371025,0.1497825,0.65183125,0.26192125,0.46797125,0.44578125,0.52820125,0.45846125,0.52503125,0.44261125,0.69304125,0.53771125,0.36336125,0.42993125,0.69938125,0.37287125,0.72474125,0.56307125,0.83569125,0.57575125,0.79765125,0.77863125,0.75644125,0.78814125,0.81667125,0.76595125
14.8194444444444,0.06458875,0.06775875,0.06775875,0.08043875,0.06141875,0.08677875,0.06458875,0.05190875,0.06141875,0.08360875,0.06141875,0.03288875,0.02654875,0.01386875,0.02020875,0.02337875,0.01703875,0.02020875,0.01703875,0.01703875,0.01703875,0.01703875,0.01386875,0.01386875,0.14700875,0.12798875,0.18187875,0.17870875,0.16602875,0.15968875,0.19138875,0.20089875,0.10896875,0.08994875,0.11530875,0.08360875,0.09945875,0.08360875,0.09311875,0.11213875,0.06141875,0.04873875,0.04239875,0.05507875,0.06141875,0.06458875,0.06458875,0.07726875,0.02654875,0.03288875,0.02654875,0.03288875,0.03605875,0.05190875,0.04873875,0.03605875,0.03605875,0.02020875,0.04239875,0.03922875,0.06141875,0.04556875,0.08043875,0.05824875,0.05190875,0.04556875,0.03605875,0.02971875,0.04239875,0.03288875,0.03288875,0.03605875,0.19455875,0.10262875,0.13115875,0.18187875,0.20406875,0.21357875,0.18821875,0.13749875,0.05824875,0.08677875,0.04873875,0.05824875,0.03605875,0.04239875,0.10262875,0.16919875,0.03288875,0.04239875,0.02654875,0.02971875,0.02337875,0.04873875,0.02337875,0.03605875,0.02337875,0.02337875,0.02020875,0.02654875,0.02337875,0.02337875,0.02337875,0.02654875,0.03605875,0.02971875,0.02337875,0.02971875,0.02971875,0.02971875,0.04556875,0.04556875,0.03922875,0.03605875,0.03605875,0.03605875,0.03605875,0.03605875,0.03922875,0.04556875,2.08070875,2.13142875,2.02047875,1.96658875,2.01413875,2.07753875,2.14727875,2.70202875,0.21357875,0.15334875,0.15017875,0.15334875,0.17553875,0.18187875,0.19138875,0.20723875,0.13749875,0.13432875,0.12798875,0.14383875,0.14066875,0.14700875,0.14383875,0.16285875,0.66688875,0.28648875,0.46400875,0.44181875,0.52106875,0.45132875,0.50838875,0.42596875,0.67956875,0.55593875,0.36573875,0.41328875,0.70809875,0.37841875,0.72711875,0.55276875,0.84123875,0.64786875,0.84123875,0.80319875,0.77466875,0.81270875,0.83806875,0.78100875
14.9861111111111,0.06458875,0.07092875,0.06775875,0.06775875,0.05507875,0.08360875,0.06458875,0.05824875,0.06141875,0.08360875,0.05507875,0.03288875,0.02654875,0.01386875,0.02337875,0.02337875,0.01703875,0.02020875,0.01703875,0.01703875,0.01703875,0.01703875,0.01386875,0.01386875,0.14621625,0.12719625,0.18425625,0.17791625,0.16523625,0.16206625,0.19059625,0.20327625,0.11134625,0.08915625,0.11451625,0.08281625,0.09866625,0.08281625,0.09232625,0.08915625,0.06379625,0.04794625,0.04160625,0.05745625,0.05745625,0.06379625,0.06379625,0.07647625,0.02971875,0.03288875,0.02971875,0.03288875,0.03288875,0.04873875,0.04873875,0.03922875,0.03288875,0.02337875,0.04239875,0.03605875,0.06141875,0.04556875,0.08043875,0.05824875,0.04873875,0.04556875,0.03288875,0.02971875,0.04239875,0.02971875,0.02971875,0.03922875,0.20327625,0.09866625,0.12719625,0.17791625,0.20327625,0.21595625,0.19059625,0.12719625,0.05428625,0.08598625,0.04794625,0.05428625,0.03526625,0.04160625,0.10183625,0.16840625,0.03288875,0.04239875,0.02654875,0.02654875,0.02337875,0.04239875,0.02654875,0.04556875,0.02258625,0.02258625,0.01941625,0.02575625,0.02258625,0.02258625,0.02258625,0.02575625,0.03526625,0.02892625,0.02258625,0.02892625,0.02892625,0.02892625,0.04477625,0.04477625,0.03843625,0.03526625,0.03526625,0.03526625,0.03526625,0.03526625,0.03843625,0.04477625,2.23841625,2.25743625,2.14331625,2.07357625,2.15599625,2.20354625,2.32717625,2.87241625,0.21595625,0.15572625,0.15255625,0.15572625,0.17474625,0.18425625,0.18742625,0.20644625,0.14621625,0.13670625,0.13036625,0.14621625,0.14304625,0.14621625,0.14938625,0.17157625,0.66371875,0.30233875,0.48302875,0.46083875,0.54008875,0.47985875,0.52423875,0.44498875,0.71126875,0.57812875,0.37841875,0.46400875,0.71126875,0.37207875,0.71443875,0.57812875,0.82538875,0.61299875,0.81587875,0.79368875,0.77783875,0.79368875,0.80636875,0.77149875
15.1527777777778,0.064985,0.064985,0.068155,0.071325,0.061815,0.084005,0.058645,0.052305,0.064985,0.084005,0.049135,0.033285,0.026945,0.014265,0.023775,0.026945,0.017435,0.020605,0.017435,0.017435,0.017435,0.017435,0.014265,0.014265,0.1466125,0.1275925,0.1846525,0.1814825,0.1688025,0.1624625,0.1909925,0.2068425,0.1117425,0.0895525,0.1149125,0.0832125,0.0990625,0.0832125,0.0927225,0.1054025,0.0705325,0.0451725,0.0420025,0.0610225,0.0578525,0.0641925,0.0673625,0.0737025,0.026945,0.030115,0.030115,0.033285,0.036455,0.045965,0.049135,0.033285,0.033285,0.020605,0.042795,0.039625,0.061815,0.042795,0.068155,0.055475,0.049135,0.042795,0.033285,0.030115,0.039625,0.030115,0.030115,0.039625,0.2100125,0.1054025,0.1307625,0.1783125,0.2100125,0.2163525,0.1973325,0.1244225,0.0451725,0.0863825,0.0610225,0.0578525,0.0420025,0.0515125,0.1022325,0.1688025,0.033285,0.033285,0.052305,0.036455,0.023775,0.052305,0.023775,0.052305,0.0229825,0.0229825,0.0198125,0.0261525,0.0229825,0.0229825,0.0229825,0.0261525,0.0356625,0.0324925,0.0229825,0.0293225,0.0293225,0.0293225,0.0451725,0.0451725,0.0388325,0.0356625,0.0324925,0.0324925,0.0356625,0.0356625,0.0388325,0.0451725,2.2229625,2.2102825,2.1215225,2.0644625,2.1056725,2.1310325,2.2007725,2.8537925,0.2195225,0.1529525,0.1529525,0.1561225,0.1751425,0.1846525,0.1941625,0.2100125,0.1466125,0.1339325,0.1275925,0.1466125,0.1466125,0.1466125,0.1466125,0.1592925,0.667285,0.324925,0.518295,0.499275,0.572185,0.508785,0.556335,0.467575,0.756045,0.578525,0.375645,0.461235,0.727515,0.385155,0.730685,0.626075,0.860655,0.588035,0.809935,0.809935,0.781405,0.809935,0.844805,0.800425
15.3194444444444,0.061815,0.068155,0.068155,0.077665,0.061815,0.077665,0.064985,0.052305,0.061815,0.084005,0.049135,0.033285,0.026945,0.014265,0.023775,0.030115,0.017435,0.023775,0.017435,0.017435,0.017435,0.017435,0.014265,0.014265,0.14938625,0.13036625,0.18742625,0.17791625,0.16840625,0.16206625,0.19376625,0.20961625,0.11134625,0.08915625,0.11451625,0.08598625,0.09866625,0.08281625,0.09232625,0.12719625,0.08281625,0.04477625,0.04160625,0.06379625,0.06062625,0.06379625,0.06379625,0.07964625,0.036455,0.023775,0.023775,0.030115,0.030115,0.045965,0.045965,0.036455,0.030115,0.023775,0.039625,0.039625,0.061815,0.042795,0.074495,0.058645,0.049135,0.042795,0.030115,0.030115,0.036455,0.030115,0.030115,0.036455,0.21278625,0.08598625,0.13036625,0.17791625,0.20327625,0.21278625,0.20327625,0.13987625,0.06062625,0.08598625,0.06062625,0.06062625,0.04477625,0.05428625,0.10183625,0.17157625,0.033285,0.030115,0.049135,0.033285,0.020605,0.064985,0.023775,0.049135,0.02258625,0.02258625,0.01941625,0.02575625,0.02258625,0.02258625,0.02258625,0.02575625,0.03526625,0.03209625,0.02258625,0.02892625,0.02892625,0.02892625,0.04477625,0.04477625,0.03843625,0.03526625,0.03526625,0.03526625,0.03526625,0.03526625,0.03843625,0.04477625,2.22256625,2.20037625,2.12429625,2.07357625,2.09259625,2.12429625,2.17818625,2.87241625,0.22863625,0.15572625,0.15572625,0.15889625,0.17791625,0.18425625,0.19693625,0.21278625,0.13987625,0.13670625,0.13036625,0.13987625,0.14621625,0.14621625,0.14621625,0.16523625,0.673625,0.328095,0.511955,0.499275,0.556335,0.502445,0.534145,0.458065,0.743365,0.578525,0.401005,0.477085,0.711665,0.397835,0.714835,0.626075,0.838465,0.610225,0.806765,0.778235,0.806765,0.787745,0.803595,0.787745
15.4861111111111,0.064985,0.071325,0.068155,0.068155,0.061815,0.084005,0.064985,0.052305,0.064985,0.084005,0.049135,0.033285,0.026945,0.014265,0.017435,0.023775,0.017435,0.020605,0.017435,0.017435,0.017435,0.017435,0.014265,0.014265,0.14938625,0.13036625,0.18742625,0.17791625,0.16840625,0.16206625,0.19693625,0.20961625,0.11134625,0.08915625,0.11451625,0.08598625,0.09866625,0.08281625,0.09232625,0.10500625,0.08915625,0.04477625,0.04160625,0.05428625,0.05745625,0.06696625,0.06696625,0.07964625,0.026945,0.033285,0.030115,0.033285,0.033285,0.042795,0.045965,0.039625,0.036455,0.023775,0.042795,0.039625,0.061815,0.045965,0.080835,0.058645,0.049135,0.045965,0.033285,0.033285,0.039625,0.033285,0.030115,0.036455,0.22546625,0.09549625,0.13353625,0.17791625,0.20327625,0.21278625,0.20010625,0.13670625,0.05745625,0.08598625,0.06062625,0.06062625,0.04477625,0.04794625,0.10183625,0.16840625,0.033285,0.030115,0.026945,0.026945,0.023775,0.058645,0.023775,0.045965,0.02258625,0.02258625,0.01941625,0.02575625,0.02258625,0.02258625,0.02258625,0.02575625,0.03526625,0.03209625,0.02258625,0.02892625,0.02892625,0.02892625,0.04477625,0.04477625,0.03843625,0.03526625,0.03526625,0.03526625,0.03209625,0.03526625,0.03843625,0.04477625,2.27011625,2.20354625,2.13380625,2.07357625,2.09893625,2.13697625,2.20988625,2.91996625,0.21912625,0.15572625,0.15255625,0.15889625,0.17791625,0.18425625,0.20010625,0.21595625,0.15255625,0.13987625,0.13036625,0.14621625,0.14938625,0.14938625,0.14938625,0.16206625,0.673625,0.366135,0.515125,0.489765,0.537315,0.477085,0.489765,0.435875,0.752875,0.603885,0.445385,0.404175,0.762385,0.423195,0.762385,0.565845,0.873335,0.790915,0.892355,0.854315,0.863825,0.870165,0.895525,0.809935
15.6527777777778,0.064985,0.074495,0.068155,0.077665,0.064985,0.087175,0.064985,0.052305,0.064985,0.084005,0.049135,0.033285,0.026945,0.014265,0.017435,0.026945,0.017435,0.020605,0.017435,0.017435,0.017435,0.017435,0.014265,0.014265,0.1529525,0.1307625,0.1878225,0.1814825,0.1719725,0.1656325,0.1973325,0.2131825,0.1117425,0.0895525,0.1149125,0.0863825,0.0958925,0.0863825,0.0927225,0.0800425,0.0863825,0.0483425,0.0420025,0.0515125,0.0578525,0.0705325,0.0673625,0.0800425,0.026945,0.030115,0.026945,0.023775,0.030115,0.049135,0.049135,0.039625,0.030115,0.023775,0.042795,0.039625,0.061815,0.045965,0.080835,0.058645,0.052305,0.045965,0.036455,0.030115,0.039625,0.033285,0.030115,0.036455,0.2195225,0.0863825,0.1339325,0.1751425,0.1973325,0.2100125,0.2068425,0.1402725,0.0737025,0.0832125,0.0578525,0.0610225,0.0451725,0.0546825,0.1022325,0.1751425,0.033285,0.033285,0.026945,0.026945,0.023775,0.058645,0.023775,0.055475,0.0229825,0.0229825,0.0198125,0.0261525,0.0229825,0.0229825,0.0229825,0.0261525,0.0356625,0.0293225,0.0229825,0.0293225,0.0293225,0.0293225,0.0451725,0.0451725,0.0388325,0.0356625,0.0324925,0.0356625,0.0356625,0.0356625,0.0388325,0.0451725,2.2673425,2.2388125,2.1659025,2.0866525,2.1437125,2.1754125,2.2134525,2.9393825,0.2322025,0.1592925,0.1561225,0.1624625,0.1783125,0.1909925,0.1973325,0.2226925,0.1529525,0.1371025,0.1307625,0.1497825,0.1434425,0.1529525,0.1466125,0.1719725,0.667285,0.347115,0.483425,0.464405,0.511955,0.451725,0.467575,0.435875,0.737025,0.581695,0.439045,0.420025,0.743365,0.423195,0.740195,0.562675,0.854315,0.778235,0.889185,0.841635,0.844805,0.863825,0.857485,0.806765
15.8194444444444,0.064985,0.061815,0.068155,0.080835,0.064985,0.080835,0.061815,0.052305,0.064985,0.084005,0.045965,0.033285,0.026945,0.014265,0.020605,0.026945,0.017435,0.020605,0.017435,0.017435,0.017435,0.017435,0.014265,0.014265,0.15255625,0.13353625,0.18742625,0.18425625,0.17157625,0.16523625,0.20010625,0.21595625,0.11134625,0.08915625,0.11451625,0.08598625,0.09549625,0.08598625,0.09232625,0.10183625,0.07964625,0.04794625,0.04477625,0.04794625,0.05745625,0.07013625,0.06696625,0.07647625,0.026945,0.036455,0.026945,0.033285,0.036455,0.049135,0.045965,0.030115,0.030115,0.020605,0.045965,0.039625,0.061815,0.045965,0.077665,0.058645,0.055475,0.042795,0.033285,0.030115,0.039625,0.030115,0.030115,0.039625,0.23497625,0.07330625,0.13353625,0.17157625,0.20010625,0.20961625,0.20644625,0.13353625,0.07647625,0.08281625,0.06062625,0.06062625,0.04794625,0.05428625,0.10183625,0.17791625,0.033285,0.030115,0.026945,0.026945,0.023775,0.052305,0.023775,0.055475,0.02258625,0.02258625,0.01941625,0.02575625,0.02258625,0.02258625,0.02258625,0.02575625,0.03526625,0.03209625,0.02258625,0.02892625,0.02892625,0.02892625,0.04477625,0.04477625,0.03843625,0.03526625,0.03209625,0.03526625,0.03209625,0.03526625,0.03843625,0.04477625,2.34619625,2.28279625,2.16550625,2.10210625,2.13063625,2.15916625,2.24792625,3.00872625,0.22546625,0.16206625,0.15889625,0.16206625,0.18425625,0.19059625,0.20010625,0.22229625,0.13987625,0.13670625,0.13036625,0.14621625,0.14938625,0.14938625,0.14938625,0.16523625,0.664115,0.369305,0.543655,0.537315,0.575355,0.524635,0.540485,0.470745,0.733855,0.635585,0.442215,0.489765,0.762385,0.439045,0.759215,0.635585,0.886015,0.714835,0.854315,0.857485,0.857485,0.854315,0.860655,0.806765
15.9861111111111,0.06458875,0.06775875,0.06775875,0.08043875,0.05824875,0.08677875,0.06458875,0.05190875,0.06458875,0.08360875,0.04556875,0.03288875,0.02654875,0.01386875,0.01386875,0.02337875,0.01703875,0.02020875,0.01703875,0.01703875,0.01703875,0.01703875,0.01386875,0.01703875,0.1561225,0.1339325,0.1909925,0.1846525,0.1719725,0.1656325,0.2005025,0.2195225,0.1117425,0.0895525,0.1149125,0.0863825,0.0958925,0.0863825,0.0927225,0.1275925,0.0768725,0.0483425,0.0451725,0.0515125,0.0641925,0.0705325,0.0673625,0.0863825,0.02654875,0.03288875,0.02020875,0.02971875,0.02971875,0.04873875,0.04873875,0.02971875,0.03288875,0.02020875,0.04556875,0.03922875,0.06141875,0.04556875,0.07726875,0.05824875,0.05190875,0.04239875,0.03288875,0.02971875,0.03922875,0.02971875,0.02971875,0.03605875,0.2322025,0.0705325,0.1307625,0.1751425,0.2005025,0.2068425,0.2163525,0.1212525,0.0610225,0.0832125,0.0610225,0.0641925,0.0451725,0.0546825,0.1022325,0.1783125,0.03288875,0.02971875,0.04239875,0.02654875,0.02337875,0.05190875,0.03605875,0.05507875,0.0229825,0.0229825,0.0198125,0.0261525,0.0229825,0.0229825,0.0229825,0.0261525,0.0356625,0.0324925,0.0229825,0.0293225,0.0293225,0.0293225,0.0451725,0.0451725,0.0388325,0.0356625,0.0324925,0.0324925,0.0324925,0.0356625,0.0388325,0.0451725,2.2768525,2.2197925,2.1151825,2.0549525,2.0612925,2.0993325,2.1659025,2.9330425,0.2322025,0.1624625,0.1624625,0.1656325,0.1846525,0.1941625,0.2036725,0.2353725,0.1434425,0.1434425,0.1307625,0.1434425,0.1466125,0.1529525,0.1497825,0.1751425,0.66688875,0.34671875,0.54325875,0.54008875,0.58446875,0.52106875,0.54959875,0.47668875,0.76198875,0.61616875,0.42279875,0.53691875,0.75881875,0.43864875,0.75881875,0.64786875,0.88244875,0.66688875,0.83489875,0.85391875,0.85391875,0.84757875,0.84123875,0.81270875
16.1527777777778,0.06458875,0.07092875,0.06775875,0.07092875,0.05824875,0.08677875,0.06775875,0.05507875,0.06458875,0.08360875,0.04556875,0.03288875,0.02654875,0.01386875,0.01386875,0.02654875,0.01703875,0.02020875,0.01703875,0.01703875,0.01703875,0.01703875,0.01386875,0.01703875,0.15572625,0.13353625,0.19376625,0.18425625,0.17474625,0.16840625,0.20327625,0.22229625,0.11134625,0.08915625,0.11451625,0.08598625,0.09549625,0.08598625,0.09232625,0.07964625,0.07647625,0.04794625,0.04477625,0.05111625,0.06379625,0.07013625,0.07013625,0.07330625,0.02654875,0.03288875,0.02971875,0.03288875,0.02654875,0.04873875,0.04873875,0.03922875,0.03288875,0.02337875,0.04556875,0.03922875,0.06141875,0.04556875,0.08043875,0.05824875,0.05190875,0.04556875,0.03288875,0.02971875,0.03922875,0.03288875,0.02971875,0.03922875,0.23497625,0.07330625,0.13353625,0.17157625,0.20010625,0.20644625,0.21278625,0.10500625,0.08281625,0.08281625,0.06062625,0.06379625,0.04794625,0.05745625,0.10183625,0.17157625,0.03288875,0.03288875,0.02654875,0.03922875,0.02337875,0.06141875,0.02654875,0.05507875,0.02258625,0.02258625,0.01941625,0.02575625,0.02258625,0.02258625,0.02258625,0.02575625,0.03526625,0.02892625,0.02258625,0.02892625,0.02892625,0.02892625,0.04477625,0.04477625,0.03843625,0.03526625,0.03209625,0.03209625,0.03209625,0.03526625,0.03843625,0.04477625,2.36838625,2.31766625,2.24158625,2.16867625,2.21305625,2.23841625,2.32717625,3.06895625,0.23497625,0.16523625,0.15889625,0.16523625,0.18425625,0.19376625,0.20327625,0.23814625,0.14304625,0.13353625,0.13036625,0.14938625,0.15255625,0.15255625,0.15255625,0.16840625,0.67322875,0.32452875,0.51472875,0.53374875,0.57178875,0.51472875,0.54008875,0.48302875,0.75564875,0.59714875,0.42913875,0.51155875,0.75881875,0.44181875,0.76832875,0.65420875,0.87927875,0.66688875,0.85391875,0.84440875,0.85391875,0.85708875,0.85074875,0.83172875
16.3194444444444,0.06458875,0.07092875,0.06775875,0.07726875,0.06141875,0.08677875,0.06458875,0.05190875,0.06458875,0.08360875,0.04556875,0.03288875,0.02654875,0.01386875,0.01386875,0.02654875,0.01703875,0.02020875,0.01703875,0.01703875,0.01703875,0.01703875,0.01386875,0.01703875,0.15968875,0.13749875,0.19455875,0.19455875,0.17553875,0.16919875,0.20406875,0.22625875,0.11213875,0.08994875,0.11530875,0.08677875,0.09945875,0.08677875,0.09311875,0.10896875,0.07726875,0.04873875,0.04556875,0.05507875,0.06458875,0.07092875,0.07409875,0.07726875,0.03288875,0.03605875,0.02337875,0.02337875,0.03288875,0.04873875,0.04873875,0.03922875,0.03605875,0.02337875,0.04556875,0.03922875,0.06458875,0.04873875,0.08043875,0.05507875,0.04873875,0.04556875,0.03288875,0.02971875,0.04239875,0.03288875,0.03288875,0.03605875,0.24527875,0.06775875,0.13432875,0.17553875,0.19772875,0.20723875,0.21991875,0.11530875,0.08043875,0.08360875,0.06458875,0.06775875,0.04873875,0.06141875,0.10262875,0.17236875,0.03288875,0.02971875,0.02971875,0.02971875,0.03922875,0.04239875,0.02337875,0.05190875,0.02337875,0.02337875,0.02020875,0.02654875,0.02337875,0.02337875,0.02337875,0.02654875,0.03605875,0.02971875,0.02337875,0.02971875,0.02971875,0.02971875,0.04556875,0.04556875,0.03922875,0.03605875,0.03288875,0.03288875,0.03288875,0.03605875,0.03922875,0.04556875,2.33430875,2.29626875,2.21701875,2.15995875,2.16946875,2.19799875,2.26456875,3.03487875,0.23259875,0.16285875,0.16285875,0.16285875,0.18504875,0.19772875,0.21040875,0.24210875,0.14700875,0.14066875,0.12798875,0.15017875,0.15017875,0.15334875,0.15334875,0.16919875,0.67639875,0.33086875,0.51789875,0.53374875,0.56544875,0.53374875,0.54642875,0.49253875,0.75247875,0.59397875,0.44181875,0.53374875,0.77149875,0.45132875,0.76515875,0.66054875,0.88878875,0.71760875,0.86025875,0.93633875,0.86976875,0.86342875,0.84440875,0.82855875
16.4861111111111,0.06458875,0.07092875,0.06775875,0.08043875,0.06458875,0.08677875,0.06458875,0.05190875,0.06458875,0.08360875,0.04556875,0.03288875,0.02654875,0.01386875,0.01386875,0.02654875,0.01703875,0.02020875,0.01703875,0.01703875,0.01703875,0.01703875,0.01386875,0.01703875,0.1592925,0.1371025,0.1973325,0.1941625,0.1751425,0.1688025,0.2036725,0.2290325,0.1117425,0.0895525,0.1149125,0.0863825,0.0990625,0.0863825,0.0927225,0.1054025,0.0768725,0.0515125,0.0483425,0.0546825,0.0641925,0.0705325,0.0737025,0.0863825,0.02654875,0.03288875,0.02654875,0.02971875,0.03605875,0.04873875,0.04873875,0.03288875,0.02971875,0.02337875,0.04556875,0.03922875,0.06458875,0.04873875,0.08043875,0.05824875,0.05824875,0.04556875,0.03605875,0.02971875,0.04239875,0.03288875,0.02971875,0.03605875,0.2417125,0.0673625,0.1307625,0.1719725,0.1941625,0.2068425,0.2163525,0.1180825,0.0927225,0.0800425,0.0641925,0.0673625,0.0483425,0.0641925,0.1022325,0.1719725,0.03288875,0.03605875,0.02654875,0.02654875,0.02337875,0.05824875,0.02971875,0.03605875,0.0229825,0.0229825,0.0198125,0.0261525,0.0229825,0.0229825,0.0229825,0.0261525,0.0356625,0.0324925,0.0229825,0.0293225,0.0293225,0.0293225,0.0451725,0.0451725,0.0388325,0.0356625,0.0324925,0.0324925,0.0324925,0.0356625,0.0388325,0.0451725,2.3529325,2.3053825,2.2166225,2.1342025,2.1532225,2.1976025,2.2546625,3.0978825,0.2290325,0.1624625,0.1624625,0.1688025,0.1878225,0.1973325,0.2100125,0.2417125,0.1497825,0.1402725,0.1371025,0.1497825,0.1466125,0.1497825,0.1497825,0.1783125,0.67639875,0.34988875,0.48302875,0.46083875,0.53057875,0.49887875,0.52740875,0.48302875,0.75564875,0.60031875,0.45766875,0.49887875,0.76515875,0.46083875,0.77783875,0.67005875,0.92048875,0.79051875,0.90463875,0.95535875,0.87610875,0.86342875,0.85074875,0.85074875
16.6527777777778,0.06458875,0.07092875,0.06775875,0.07726875,0.05824875,0.08677875,0.06775875,0.05190875,0.06458875,0.08360875,0.04556875,0.03288875,0.02654875,0.01386875,0.01386875,0.02654875,0.01703875,0.02020875,0.01703875,0.01703875,0.01703875,0.01703875,0.01386875,0.01703875,0.16206625,0.13670625,0.19693625,0.19693625,0.17791625,0.16840625,0.20644625,0.22863625,0.11134625,0.08915625,0.11451625,0.08598625,0.09549625,0.08598625,0.09549625,0.08915625,0.07647625,0.05111625,0.04794625,0.05745625,0.06379625,0.06696625,0.07330625,0.08598625,0.02654875,0.03288875,0.02971875,0.02971875,0.03605875,0.04873875,0.04873875,0.04239875,0.02971875,0.02337875,0.04556875,0.03605875,0.06458875,0.04873875,0.07726875,0.05824875,0.05190875,0.04556875,0.03288875,0.03288875,0.04239875,0.03288875,0.02971875,0.03605875,0.24448625,0.06696625,0.13036625,0.17474625,0.19376625,0.20644625,0.21595625,0.10183625,0.09866625,0.07964625,0.06379625,0.06696625,0.04794625,0.07013625,0.09866625,0.16840625,0.03288875,0.02971875,0.02654875,0.02971875,0.02654875,0.04873875,0.03605875,0.05507875,0.02258625,0.02258625,0.01941625,0.02575625,0.02258625,0.02258625,0.02258625,0.02575625,0.03526625,0.03209625,0.02258625,0.02892625,0.02892625,0.03209625,0.04477625,0.04477625,0.03843625,0.03526625,0.03209625,0.03526625,0.03209625,0.03526625,0.03843625,0.04477625,2.33034625,2.28279625,2.17818625,2.11478625,2.14965625,2.16550625,2.24475625,3.09748625,0.23814625,0.16206625,0.16206625,0.16523625,0.18742625,0.19693625,0.20961625,0.24765625,0.16206625,0.14304625,0.13670625,0.15255625,0.15255625,0.15572625,0.15255625,0.17157625,0.68907875,0.40060875,0.53691875,0.50838875,0.56227875,0.51472875,0.54642875,0.50838875,0.78734875,0.63201875,0.48619875,0.54959875,0.80002875,0.46717875,0.77783875,0.68273875,0.96803875,0.81587875,0.91731875,0.95852875,0.88878875,0.86659875,0.92682875,0.86342875
16.8194444444444,0.068155,0.071325,0.068155,0.080835,0.058645,0.084005,0.064985,0.052305,0.064985,0.084005,0.045965,0.033285,0.026945,0.014265,0.014265,0.026945,0.017435,0.023775,0.017435,0.017435,0.017435,0.017435,0.014265,0.017435,0.16206625,0.13987625,0.20010625,0.19693625,0.17791625,0.17157625,0.20644625,0.23497625,0.11134625,0.08915625,0.11451625,0.08598625,0.09549625,0.08598625,0.09232625,0.12719625,0.07964625,0.05111625,0.04794625,0.06062625,0.06379625,0.07013625,0.07330625,0.08281625,0.026945,0.033285,0.026945,0.033285,0.036455,0.045965,0.049135,0.039625,0.030115,0.023775,0.045965,0.039625,0.061815,0.042795,0.080835,0.058645,0.058645,0.045965,0.030115,0.030115,0.039625,0.030115,0.030115,0.039625,0.25716625,0.06379625,0.13353625,0.17157625,0.19376625,0.20961625,0.22229625,0.09866625,0.10817625,0.07964625,0.06696625,0.06696625,0.04477625,0.06696625,0.10183625,0.16523625,0.033285,0.030115,0.030115,0.026945,0.033285,0.061815,0.036455,0.036455,0.02258625,0.02258625,0.01941625,0.02575625,0.02258625,0.02258625,0.02258625,0.02575625,0.03526625,0.03209625,0.02258625,0.02892625,0.02892625,0.03209625,0.04477625,0.04477625,0.03843625,0.03526625,0.03209625,0.03209625,0.03209625,0.03526625,0.03843625,0.04477625,2.27962625,2.22573625,2.11795625,2.06406625,2.07674625,2.10844625,2.18769625,3.07212625,0.24131625,0.16523625,0.16523625,0.16840625,0.19059625,0.20010625,0.21278625,0.24131625,0.15889625,0.14621625,0.13353625,0.15255625,0.15889625,0.15572625,0.15572625,0.17791625,0.670455,0.381985,0.518295,0.515125,0.549995,0.496105,0.546825,0.524635,0.765555,0.594375,0.467575,0.581695,0.765555,0.458065,0.752875,0.698985,0.917715,0.686305,0.844805,0.892355,0.838465,0.854315,0.851145,0.835295
16.9861111111111,0.06458875,0.06775875,0.06775875,0.08043875,0.05507875,0.08677875,0.06775875,0.05190875,0.06458875,0.08360875,0.04556875,0.03288875,0.02654875,0.01386875,0.01386875,0.02654875,0.01703875,0.02020875,0.01703875,0.01703875,0.01703875,0.01703875,0.01386875,0.01703875,0.16206625,0.13987625,0.20327625,0.20010625,0.17791625,0.17157625,0.20644625,0.23814625,0.11134625,0.09232625,0.11451625,0.08598625,0.09866625,0.08598625,0.09549625,0.08598625,0.08281625,0.05428625,0.04794625,0.06062625,0.06379625,0.07013625,0.07647625,0.07647625,0.02971875,0.03288875,0.03288875,0.03288875,0.03605875,0.04873875,0.04873875,0.04239875,0.03605875,0.02337875,0.04556875,0.03922875,0.06458875,0.04556875,0.07726875,0.05507875,0.05190875,0.04556875,0.03288875,0.03288875,0.03922875,0.03288875,0.02971875,0.03605875,0.24765625,0.06379625,0.13353625,0.17474625,0.19376625,0.20644625,0.22546625,0.09866625,0.10183625,0.07964625,0.06696625,0.06696625,0.04794625,0.06696625,0.09866625,0.16206625,0.03288875,0.03288875,0.02654875,0.02654875,0.03922875,0.05824875,0.02337875,0.03605875,0.02258625,0.02258625,0.01941625,0.02575625,0.02258625,0.02258625,0.02258625,0.02575625,0.03526625,0.03209625,0.02258625,0.02892625,0.02892625,0.02892625,0.04477625,0.04477625,0.03843625,0.03526625,0.03209625,0.03209625,0.03209625,0.03526625,0.03843625,0.04477625,2.35570625,2.31449625,2.22890625,2.15599625,2.16550625,2.20354625,2.28279625,3.17039625,0.24448625,0.16840625,0.16840625,0.17157625,0.19376625,0.20010625,0.21595625,0.23497625,0.14938625,0.14621625,0.13987625,0.14938625,0.15889625,0.15889625,0.16206625,0.17791625,0.67005875,0.38158875,0.53374875,0.52423875,0.56544875,0.51155875,0.54325875,0.51472875,0.76515875,0.59080875,0.48302875,0.59080875,0.80002875,0.47351875,0.78100875,0.72711875,0.92999875,0.75247875,0.88244875,0.94901875,0.86659875,0.88878875,0.89195875,0.84757875
17.1527777777778,0.0641925,0.0705325,0.0673625,0.0800425,0.0641925,0.0863825,0.0641925,0.0546825,0.0641925,0.0832125,0.0451725,0.0324925,0.0261525,0.0134725,0.0134725,0.0261525,0.0166425,0.0198125,0.0166425,0.0166425,0.0166425,0.0166425,0.0134725,0.0166425,0.16206625,0.13987625,0.20327625,0.20010625,0.18108625,0.17157625,0.20961625,0.24131625,0.11134625,0.09232625,0.11451625,0.08598625,0.09866625,0.08598625,0.09549625,0.10500625,0.08281625,0.05428625,0.04794625,0.06062625,0.06062625,0.07330625,0.07330625,0.07964625,0.0293225,0.0293225,0.0229825,0.0324925,0.0356625,0.0451725,0.0420025,0.0388325,0.0356625,0.0198125,0.0451725,0.0356625,0.0641925,0.0451725,0.0800425,0.0546825,0.0578525,0.0420025,0.0293225,0.0293225,0.0356625,0.0293225,0.0293225,0.0356625,0.26350625,0.07013625,0.12719625,0.16840625,0.19376625,0.20644625,0.22546625,0.09549625,0.10500625,0.07964625,0.06696625,0.07013625,0.04794625,0.07013625,0.09866625,0.16523625,0.0324925,0.0293225,0.0261525,0.0261525,0.0229825,0.0610225,0.0324925,0.0546825,0.02258625,0.02258625,0.01941625,0.02575625,0.02258625,0.02258625,0.02258625,0.02575625,0.03526625,0.03209625,0.02258625,0.02892625,0.02892625,0.03209625,0.04477625,0.04477625,0.03843625,0.03526625,0.03209625,0.03209625,0.03209625,0.03526625,0.03843625,0.04477625,2.38740625,2.35887625,2.24475625,2.19086625,2.23207625,2.25109625,2.32400625,3.20209625,0.24131625,0.16840625,0.16840625,0.17157625,0.19376625,0.20327625,0.21595625,0.23814625,0.14938625,0.14304625,0.13670625,0.14938625,0.15572625,0.15889625,0.15889625,0.16840625,0.6886825,0.4445925,0.5587125,0.5523725,0.5999225,0.5523725,0.5682225,0.5238425,0.8059725,0.6126025,0.4921425,0.6601525,0.8059725,0.4731225,0.7806125,0.7362325,0.9359425,0.7552525,0.8883925,0.9264325,0.9010725,0.9200925,0.8725425,0.8662025
17.3194444444444,0.06775875,0.06775875,0.06775875,0.08043875,0.06458875,0.08994875,0.05824875,0.05190875,0.06458875,0.08360875,0.04556875,0.03288875,0.02654875,0.01386875,0.02337875,0.02654875,0.01703875,0.02337875,0.01703875,0.01703875,0.01703875,0.01703875,0.01386875,0.01703875,0.16523625,0.14304625,0.20327625,0.20010625,0.18108625,0.17157625,0.20961625,0.24448625,0.11451625,0.09232625,0.11451625,0.08598625,0.09866625,0.08598625,0.09549625,0.09232625,0.08598625,0.05428625,0.04794625,0.06379625,0.06062625,0.07330625,0.07647625,0.07964625,0.02971875,0.02337875,0.03288875,0.03288875,0.03288875,0.04873875,0.04873875,0.03288875,0.02971875,0.02020875,0.04239875,0.03922875,0.06458875,0.04556875,0.08043875,0.05824875,0.05190875,0.04239875,0.03288875,0.02654875,0.04239875,0.02971875,0.02971875,0.03922875,0.24765625,0.07013625,0.13036625,0.16840625,0.19059625,0.20644625,0.23180625,0.09866625,0.12085625,0.07647625,0.06696625,0.07013625,0.04794625,0.07013625,0.09866625,0.16206625,0.03288875,0.02971875,0.03288875,0.02654875,0.02337875,0.06458875,0.02654875,0.05190875,0.02258625,0.02575625,0.01941625,0.02575625,0.02258625,0.02258625,0.02258625,0.02575625,0.03526625,0.03209625,0.02258625,0.02892625,0.02892625,0.03209625,0.04477625,0.04477625,0.03843625,0.03526625,0.03209625,0.03209625,0.03209625,0.03526625,0.03843625,0.04477625,2.36838625,2.32083625,2.19086625,2.13063625,2.14965625,2.17818625,2.24475625,3.17990625,0.24765625,0.17157625,0.16840625,0.17474625,0.19693625,0.20644625,0.21912625,0.23180625,0.15889625,0.14621625,0.13670625,0.15255625,0.15889625,0.15889625,0.15889625,0.17474625,0.69224875,0.42596875,0.54642875,0.55910875,0.59714875,0.55593875,0.55276875,0.53691875,0.80953875,0.56861875,0.48619875,0.65420875,0.78100875,0.47351875,0.76198875,0.73028875,0.91414875,0.71443875,0.86659875,0.87927875,0.87610875,0.88878875,0.84757875,0.86025875
17.4861111111111,0.064985,0.071325,0.068155,0.080835,0.064985,0.087175,0.068155,0.052305,0.064985,0.084005,0.045965,0.033285,0.026945,0.014265,0.023775,0.026945,0.017435,0.020605,0.017435,0.017435,0.017435,0.017435,0.014265,0.017435,0.16523625,0.14938625,0.20644625,0.20327625,0.18108625,0.17157625,0.21278625,0.24765625,0.11134625,0.09232625,0.11451625,0.08598625,0.09866625,0.08598625,0.09549625,0.08915625,0.08598625,0.05745625,0.04794625,0.06379625,0.06062625,0.07330625,0.07647625,0.07647625,0.030115,0.023775,0.030115,0.033285,0.036455,0.049135,0.049135,0.039625,0.030115,0.020605,0.045965,0.039625,0.064985,0.049135,0.080835,0.058645,0.052305,0.045965,0.033285,0.030115,0.039625,0.033285,0.030115,0.036455,0.25082625,0.06062625,0.12719625,0.16840625,0.19059625,0.20010625,0.23180625,0.09549625,0.12085625,0.07647625,0.07013625,0.07013625,0.04477625,0.07013625,0.09866625,0.16206625,0.033285,0.030115,0.026945,0.036455,0.023775,0.055475,0.023775,0.039625,0.02258625,0.02258625,0.01941625,0.02575625,0.02258625,0.02258625,0.02258625,0.02575625,0.03526625,0.03209625,0.02258625,0.02892625,0.02892625,0.03209625,0.04477625,0.04477625,0.03843625,0.03526625,0.03209625,0.03209625,0.03209625,0.03526625,0.03843625,0.04477625,2.37155625,2.26377625,2.16550625,2.09259625,2.09576625,2.13063625,2.22890625,3.19258625,0.24765625,0.17157625,0.16840625,0.17474625,0.19693625,0.20644625,0.21595625,0.23497625,0.15889625,0.14621625,0.13987625,0.15572625,0.16206625,0.16206625,0.16206625,0.17157625,0.683135,0.397835,0.524635,0.527805,0.575355,0.521465,0.572185,0.537315,0.800425,0.584865,0.511955,0.641925,0.778235,0.496105,0.787745,0.765555,0.924055,0.825785,0.914545,0.908205,0.889185,0.886015,0.917715,0.866995
17.6527777777778,0.06458875,0.07092875,0.06775875,0.08043875,0.06775875,0.08677875,0.06775875,0.05190875,0.06458875,0.08360875,0.04556875,0.03288875,0.02654875,0.01386875,0.01703875,0.02654875,0.01703875,0.02337875,0.01703875,0.01703875,0.01703875,0.01703875,0.01386875,0.01703875,0.16840625,0.14304625,0.20644625,0.20327625,0.18425625,0.17474625,0.21278625,0.25082625,0.11134625,0.09232625,0.11768625,0.08598625,0.09866625,0.08598625,0.09549625,0.10817625,0.08915625,0.05745625,0.05111625,0.06379625,0.06379625,0.07330625,0.07647625,0.08281625,0.02971875,0.02337875,0.02971875,0.03288875,0.02654875,0.04873875,0.04873875,0.03922875,0.02971875,0.02337875,0.04556875,0.03922875,0.06141875,0.04873875,0.08360875,0.05507875,0.05190875,0.04556875,0.03605875,0.03288875,0.04239875,0.03288875,0.02971875,0.03605875,0.25716625,0.06062625,0.13036625,0.16523625,0.18742625,0.20327625,0.23180625,0.09549625,0.12402625,0.07964625,0.06696625,0.07013625,0.04794625,0.07013625,0.09866625,0.16206625,0.03288875,0.02971875,0.02654875,0.03922875,0.02337875,0.06141875,0.03605875,0.04873875,0.02258625,0.02258625,0.01941625,0.02575625,0.02258625,0.02258625,0.02258625,0.02575625,0.03526625,0.03209625,0.02258625,0.02892625,0.02892625,0.03209625,0.04477625,0.04477625,0.03843625,0.03526625,0.03209625,0.03209625,0.03209625,0.03526625,0.03843625,0.04477625,2.41276625,2.28596625,2.18452625,2.11161625,2.11795625,2.15916625,2.22890625,3.25598625,0.25716625,0.17474625,0.16840625,0.17474625,0.20010625,0.20644625,0.22546625,0.23814625,0.15255625,0.14304625,0.13987625,0.15572625,0.16206625,0.15889625,0.15889625,0.17791625,0.66688875,0.37524875,0.47034875,0.52106875,0.48936875,0.49570875,0.55593875,0.53374875,0.79051875,0.53374875,0.50204875,0.62250875,0.75564875,0.49887875,0.75881875,0.74613875,0.89512875,0.76198875,0.88878875,0.86342875,0.85391875,0.84123875,0.85708875,0.83806875
17.8194444444444,0.06458875,0.06458875,0.06775875,0.08043875,0.06141875,0.08360875,0.06458875,0.05190875,0.06458875,0.08360875,0.04556875,0.03288875,0.02654875,0.01386875,0.01386875,0.02654875,0.01703875,0.02020875,0.01703875,0.01703875,0.01703875,0.01703875,0.01386875,0.01703875,0.16840625,0.14621625,0.20644625,0.20644625,0.18425625,0.17474625,0.21595625,0.25082625,0.11134625,0.09232625,0.11768625,0.08598625,0.09866625,0.08598625,0.09549625,0.08281625,0.08915625,0.05745625,0.05111625,0.06379625,0.06379625,0.07647625,0.07647625,0.08598625,0.03288875,0.03288875,0.02971875,0.02654875,0.02971875,0.04556875,0.04239875,0.03922875,0.02971875,0.02020875,0.04556875,0.03922875,0.06458875,0.04556875,0.08043875,0.05507875,0.05507875,0.04556875,0.03288875,0.03288875,0.03922875,0.03288875,0.03288875,0.03605875,0.25716625,0.06062625,0.12402625,0.16206625,0.18742625,0.20327625,0.24448625,0.09866625,0.11768625,0.07964625,0.07013625,0.07330625,0.04160625,0.07330625,0.09866625,0.15889625,0.03605875,0.02971875,0.02654875,0.02971875,0.02971875,0.02654875,0.02337875,0.05190875,0.02258625,0.02575625,0.01941625,0.02575625,0.02258625,0.02258625,0.02258625,0.02575625,0.03526625,0.03209625,0.02258625,0.02892625,0.02892625,0.03209625,0.04477625,0.04477625,0.03843625,0.03209625,0.03209625,0.03209625,0.03209625,0.03526625,0.03526625,0.04477625,2.34619625,2.18452625,2.08625625,2.01651625,2.02919625,2.08308625,2.14965625,3.17673625,0.24765625,0.17474625,0.17157625,0.17791625,0.20327625,0.21278625,0.22546625,0.23814625,0.15889625,0.14621625,0.13353625,0.15572625,0.16206625,0.16206625,0.16206625,0.18742625,0.69224875,0.42279875,0.50838875,0.56544875,0.48936875,0.54642875,0.59714875,0.54959875,0.79051875,0.51472875,0.50521875,0.65737875,0.76832875,0.49887875,0.76515875,0.74930875,0.89512875,0.73662875,0.86976875,0.85391875,0.87293875,0.86025875,0.84440875,0.84123875
17.9861111111111,0.064985,0.071325,0.068155,0.077665,0.058645,0.084005,0.068155,0.052305,0.064985,0.084005,0.045965,0.033285,0.030115,0.014265,0.023775,0.026945,0.017435,0.020605,0.017435,0.017435,0.017435,0.017435,0.014265,0.017435,0.17157625,0.14621625,0.20961625,0.20644625,0.18425625,0.17791625,0.21595625,0.25716625,0.11134625,0.09232625,0.11768625,0.08598625,0.09866625,0.08598625,0.09549625,0.08598625,0.09232625,0.06062625,0.05111625,0.06379625,0.06379625,0.07330625,0.07647625,0.08281625,0.030115,0.023775,0.030115,0.033285,0.026945,0.049135,0.049135,0.042795,0.030115,0.023775,0.045965,0.039625,0.061815,0.045965,0.084005,0.055475,0.055475,0.045965,0.033285,0.030115,0.039625,0.033285,0.033285,0.036455,0.24765625,0.06696625,0.13353625,0.16523625,0.18108625,0.20327625,0.23497625,0.09549625,0.11768625,0.07964625,0.07330625,0.07330625,0.05111625,0.07013625,0.10183625,0.15572625,0.033285,0.030115,0.030115,0.026945,0.023775,0.058645,0.023775,0.036455,0.02258625,0.02258625,0.01941625,0.02575625,0.02258625,0.02258625,0.02258625,0.02575625,0.03526625,0.03209625,0.02258625,0.02892625,0.02892625,0.03209625,0.04477625,0.04477625,0.03843625,0.03526625,0.03209625,0.03209625,0.03209625,0.03526625,0.03843625,0.04477625,2.36521625,2.20354625,2.09893625,2.04821625,2.07991625,2.10844625,2.16233625,3.18941625,0.25399625,0.17474625,0.17157625,0.17474625,0.20644625,0.20961625,0.22546625,0.24131625,0.16840625,0.14621625,0.14304625,0.15889625,0.16206625,0.16523625,0.16523625,0.17474625,0.702155,0.407345,0.530975,0.534145,0.432705,0.518295,0.572185,0.546825,0.825785,0.521465,0.540485,0.648265,0.816275,0.534145,0.803595,0.784575,0.901865,0.851145,0.955755,0.905035,0.930395,0.898695,0.924055,0.886015
18.1527777777778,0.06458875,0.07092875,0.06775875,0.08043875,0.05824875,0.08677875,0.06775875,0.05190875,0.06458875,0.08360875,0.04556875,0.03288875,0.02971875,0.01386875,0.02020875,0.02654875,0.01703875,0.02020875,0.01703875,0.01703875,0.01703875,0.01703875,0.01386875,0.01703875,0.17474625,0.14621625,0.20961625,0.20961625,0.18425625,0.17791625,0.21912625,0.25716625,0.11134625,0.09232625,0.11768625,0.08598625,0.09866625,0.08598625,0.09549625,0.09549625,0.09549625,0.06062625,0.05111625,0.06379625,0.06696625,0.07330625,0.07964625,0.08915625,0.02971875,0.02654875,0.02971875,0.03288875,0.02971875,0.04873875,0.04873875,0.03288875,0.03288875,0.02337875,0.04556875,0.03922875,0.06458875,0.04873875,0.08360875,0.05190875,0.06141875,0.04556875,0.03288875,0.02971875,0.04239875,0.03288875,0.02971875,0.03605875,0.24765625,0.06062625,0.13353625,0.16840625,0.17791625,0.20327625,0.23814625,0.09232625,0.13036625,0.07964625,0.07330625,0.07330625,0.05111625,0.07013625,0.10183625,0.15889625,0.03605875,0.02971875,0.02654875,0.02654875,0.02337875,0.04873875,0.02971875,0.03605875,0.02258625,0.02258625,0.01941625,0.02575625,0.02258625,0.02258625,0.02258625,0.02575625,0.03526625,0.03209625,0.02258625,0.02892625,0.02892625,0.03209625,0.04477625,0.04477625,0.03843625,0.03209625,0.03209625,0.03209625,0.03209625,0.03526625,0.03843625,0.04477625,2.37472625,2.19086625,2.08625625,2.03553625,2.05772625,2.09576625,2.16233625,3.20209625,0.25082625,0.17474625,0.17474625,0.18108625,0.20327625,0.21595625,0.22863625,0.24131625,0.16206625,0.14938625,0.14304625,0.15255625,0.15889625,0.16206625,0.16523625,0.18742625,0.69858875,0.41328875,0.54325875,0.52106875,0.40060875,0.50838875,0.54959875,0.54642875,0.82221875,0.52740875,0.54642875,0.64152875,0.80953875,0.53691875,0.78734875,0.75881875,0.89829875,0.85074875,0.92048875,0.89195875,0.88878875,0.88561875,0.89829875,0.86025875
18.3194444444444,0.06458875,0.07409875,0.06775875,0.08043875,0.06458875,0.08360875,0.06458875,0.05190875,0.06458875,0.08360875,0.04556875,0.03288875,0.02654875,0.01386875,0.01703875,0.02337875,0.01703875,0.02020875,0.01703875,0.01703875,0.01703875,0.01703875,0.01386875,0.01703875,0.17157625,0.14938625,0.21278625,0.20961625,0.18742625,0.17791625,0.21912625,0.26033625,0.11134625,0.09232625,0.11768625,0.08598625,0.09866625,0.08598625,0.09549625,0.12085625,0.09549625,0.06062625,0.05111625,0.06379625,0.06696625,0.07647625,0.07964625,0.08915625,0.02971875,0.02971875,0.02971875,0.03288875,0.03605875,0.04873875,0.04873875,0.04239875,0.03288875,0.02020875,0.04556875,0.03922875,0.06458875,0.04556875,0.08360875,0.05507875,0.05190875,0.04556875,0.03605875,0.03288875,0.04239875,0.03288875,0.02971875,0.03605875,0.26350625,0.06062625,0.13353625,0.15889625,0.18425625,0.20010625,0.23814625,0.09549625,0.13987625,0.07964625,0.07330625,0.07330625,0.05111625,0.07013625,0.10183625,0.15572625,0.03605875,0.02971875,0.03922875,0.03605875,0.02971875,0.06141875,0.02337875,0.03605875,0.02258625,0.02258625,0.01941625,0.02575625,0.02258625,0.02258625,0.02258625,0.02575625,0.03526625,0.03209625,0.02258625,0.02892625,0.02892625,0.03209625,0.04477625,0.04477625,0.03843625,0.03209625,0.03209625,0.03209625,0.03209625,0.03526625,0.03526625,0.04477625,2.37472625,2.17501625,2.08942625,2.03236625,2.02285625,2.07357625,2.14648625,3.22111625,0.26033625,0.17791625,0.17474625,0.17791625,0.20961625,0.21595625,0.23180625,0.24448625,0.15572625,0.14938625,0.14304625,0.14938625,0.16523625,0.16523625,0.16523625,0.18425625,0.71126875,0.44498875,0.49253875,0.49253875,0.42596875,0.50204875,0.50521875,0.52740875,0.83489875,0.59714875,0.62567875,0.68590875,0.82221875,0.55910875,0.81904875,0.76515875,0.88561875,0.93633875,0.90146875,0.94584875,0.92365875,0.92048875,0.93316875,0.89829875
18.4861111111111,0.064985,0.064985,0.068155,0.074495,0.064985,0.090345,0.068155,0.052305,0.064985,0.084005,0.045965,0.033285,0.026945,0.014265,0.023775,0.026945,0.017435,0.023775,0.017435,0.017435,0.017435,0.017435,0.014265,0.017435,0.17791625,0.14938625,0.21278625,0.21278625,0.18742625,0.17791625,0.21912625,0.26667625,0.11134625,0.09232625,0.11768625,0.08598625,0.09866625,0.08598625,0.09549625,0.12085625,0.09866625,0.06062625,0.05111625,0.06696625,0.06696625,0.07647625,0.07964625,0.08915625,0.030115,0.033285,0.030115,0.030115,0.026945,0.052305,0.049135,0.039625,0.039625,0.023775,0.045965,0.039625,0.064985,0.049135,0.080835,0.052305,0.052305,0.045965,0.033285,0.030115,0.039625,0.030115,0.030115,0.036455,0.24448625,0.06062625,0.12719625,0.15889625,0.17791625,0.20010625,0.24765625,0.09866625,0.12719625,0.07964625,0.07013625,0.07330625,0.05111625,0.07013625,0.09866625,0.15572625,0.036455,0.030115,0.033285,0.026945,0.036455,0.052305,0.030115,0.036455,0.02258625,0.02258625,0.01941625,0.02575625,0.02258625,0.02258625,0.02258625,0.02575625,0.03526625,0.03209625,0.02258625,0.02892625,0.02892625,0.03209625,0.04477625,0.04477625,0.03843625,0.03209625,0.03209625,0.03209625,0.03209625,0.03526625,0.03526625,0.04477625,2.36204625,2.30498625,2.20037625,2.10844625,2.13063625,2.17501625,2.28279625,3.24330625,0.26033625,0.18108625,0.17791625,0.18108625,0.20961625,0.21912625,0.23180625,0.24765625,0.15572625,0.14938625,0.14304625,0.16206625,0.15572625,0.16523625,0.16523625,0.18425625,0.698985,0.477085,0.502445,0.540485,0.464405,0.499275,0.549995,0.534145,0.806765,0.565845,0.578525,0.651435,0.778235,0.543655,0.778235,0.756045,0.822615,0.873335,0.898695,0.908205,0.882845,0.889185,0.866995,0.870165
18.6527777777778,0.06458875,0.07092875,0.06775875,0.08360875,0.06458875,0.08994875,0.06775875,0.05507875,0.06458875,0.08360875,0.04556875,0.03605875,0.02654875,0.01386875,0.02337875,0.02654875,0.01703875,0.02020875,0.01703875,0.01703875,0.01703875,0.01703875,0.01386875,0.01703875,0.17474625,0.14938625,0.21595625,0.20961625,0.19059625,0.17791625,0.21912625,0.26984625,0.11134625,0.09232625,0.11768625,0.08598625,0.09866625,0.08598625,0.09549625,0.11451625,0.10183625,0.06379625,0.05428625,0.06696625,0.06696625,0.07647625,0.07964625,0.08915625,0.02971875,0.02971875,0.02971875,0.03288875,0.02971875,0.04873875,0.04873875,0.04239875,0.03288875,0.02337875,0.04556875,0.03922875,0.06458875,0.04873875,0.08360875,0.04873875,0.05190875,0.04556875,0.03605875,0.03288875,0.04239875,0.02971875,0.02971875,0.03605875,0.24765625,0.06062625,0.12402625,0.16206625,0.18108625,0.20010625,0.23814625,0.09549625,0.12085625,0.07647625,0.07647625,0.07330625,0.05428625,0.07013625,0.09866625,0.15572625,0.03605875,0.03605875,0.02654875,0.02971875,0.03605875,0.05824875,0.02971875,0.03605875,0.02258625,0.02258625,0.01941625,0.02575625,0.02258625,0.02258625,0.02258625,0.02575625,0.03526625,0.03209625,0.02258625,0.02892625,0.02892625,0.03209625,0.04477625,0.04477625,0.03843625,0.03209625,0.03209625,0.03209625,0.03209625,0.03526625,0.03843625,0.04477625,2.28913625,2.32083625,2.17818625,2.11161625,2.15599625,2.18769625,2.29864625,3.19892625,0.27618625,0.17791625,0.17791625,0.18425625,0.20644625,0.22229625,0.23497625,0.25082625,0.15889625,0.15572625,0.14304625,0.16206625,0.16840625,0.16840625,0.16840625,0.17791625,0.69858875,0.42596875,0.46717875,0.50838875,0.41328875,0.44498875,0.52106875,0.53374875,0.81904875,0.55276875,0.59397875,0.60348875,0.79685875,0.55593875,0.80636875,0.77466875,0.85074875,0.90146875,0.92048875,0.93950875,0.89829875,0.89829875,0.90146875,0.86025875
18.8194444444444,0.064985,0.074495,0.068155,0.080835,0.064985,0.084005,0.068155,0.052305,0.064985,0.084005,0.045965,0.036455,0.026945,0.014265,0.023775,0.026945,0.017435,0.023775,0.017435,0.017435,0.017435,0.017435,0.014265,0.017435,0.17791625,0.14938625,0.21595625,0.20961625,0.18742625,0.17791625,0.22229625,0.27301625,0.11134625,0.09232625,0.11768625,0.08598625,0.10183625,0.08598625,0.09549625,0.10500625,0.10183625,0.06379625,0.05428625,0.06696625,0.06696625,0.07647625,0.07964625,0.08915625,0.030115,0.030115,0.026945,0.033285,0.036455,0.052305,0.049135,0.042795,0.039625,0.042795,0.045965,0.039625,0.064985,0.049135,0.084005,0.055475,0.052305,0.049135,0.036455,0.030115,0.039625,0.033285,0.030115,0.036455,0.24765625,0.06379625,0.12719625,0.16523625,0.17791625,0.20010625,0.23814625,0.09232625,0.13987625,0.07647625,0.07013625,0.07647625,0.05111625,0.07013625,0.09866625,0.15255625,0.033285,0.030115,0.030115,0.026945,0.039625,0.058645,0.023775,0.036455,0.02258625,0.02258625,0.01941625,0.02575625,0.02258625,0.02258625,0.02258625,0.02575625,0.03526625,0.03209625,0.02258625,0.02892625,0.02892625,0.03209625,0.04477625,0.04477625,0.03843625,0.03209625,0.03209625,0.03209625,0.03209625,0.03526625,0.03526625,0.04477625,2.30181625,2.27962625,2.14648625,2.09576625,2.14014625,2.18769625,2.25109625,3.20209625,0.27301625,0.18108625,0.17791625,0.18425625,0.21278625,0.22229625,0.23814625,0.25716625,0.17157625,0.15572625,0.14621625,0.16206625,0.16840625,0.16840625,0.16840625,0.18742625,0.708495,0.391495,0.423195,0.464405,0.366135,0.407345,0.505615,0.549995,0.825785,0.540485,0.584865,0.492935,0.813105,0.565845,0.800425,0.784575,0.879675,0.920885,0.920885,0.930395,0.892355,0.898695,0.898695,0.873335
18.9861111111111,0.064985,0.064985,0.068155,0.080835,0.064985,0.090345,0.061815,0.052305,0.064985,0.084005,0.045965,0.036455,0.026945,0.014265,0.023775,0.026945,0.017435,0.020605,0.017435,0.017435,0.017435,0.017435,0.014265,0.017435,0.17791625,0.15255625,0.21912625,0.21278625,0.19059625,0.17791625,0.22229625,0.27301625,0.11134625,0.09232625,0.11768625,0.08598625,0.10183625,0.08598625,0.09549625,0.07964625,0.10500625,0.06379625,0.05428625,0.06696625,0.07013625,0.07964625,0.08281625,0.09549625,0.030115,0.023775,0.033285,0.036455,0.036455,0.049135,0.042795,0.033285,0.033285,0.033285,0.045965,0.036455,0.064985,0.042795,0.077665,0.058645,0.055475,0.042795,0.030115,0.026945,0.039625,0.030115,0.026945,0.036455,0.24765625,0.06696625,0.13036625,0.16840625,0.17157625,0.20327625,0.23497625,0.09232625,0.12719625,0.07647625,0.07964625,0.07647625,0.05428625,0.07647625,0.09866625,0.15255625,0.036455,0.030115,0.026945,0.026945,0.036455,0.055475,0.023775,0.039625,0.02258625,0.02258625,0.01941625,0.02575625,0.02258625,0.02258625,0.02258625,0.02575625,0.03526625,0.03209625,0.02258625,0.02892625,0.02892625,0.03209625,0.04477625,0.04477625,0.03843625,0.03209625,0.03209625,0.03209625,0.03209625,0.03526625,0.03526625,0.04477625,2.31132625,2.18135625,2.06089625,1.99115625,2.03236625,2.08625625,2.13380625,3.23696625,0.26033625,0.18108625,0.18425625,0.18742625,0.21595625,0.22229625,0.23497625,0.26350625,0.15889625,0.15255625,0.14304625,0.15572625,0.16840625,0.16840625,0.16840625,0.19376625,0.708495,0.467575,0.439045,0.502445,0.407345,0.458065,0.556335,0.562675,0.819445,0.505615,0.591205,0.410515,0.787745,0.549995,0.768725,0.781405,0.806765,0.876505,0.889185,0.920885,0.879675,0.879675,0.863825,0.857485
19.1527777777778,0.06458875,0.06775875,0.07092875,0.08043875,0.05507875,0.08677875,0.06458875,0.05507875,0.06458875,0.08360875,0.04556875,0.03605875,0.02654875,0.01386875,0.01703875,0.02337875,0.01703875,0.02337875,0.01703875,0.01703875,0.01703875,0.01703875,0.01386875,0.01703875,0.17791625,0.15255625,0.21912625,0.21595625,0.19059625,0.18108625,0.22546625,0.28252625,0.11134625,0.09232625,0.11768625,0.08598625,0.10183625,0.08598625,0.09549625,0.08281625,0.10817625,0.06379625,0.05428625,0.06696625,0.07013625,0.07964625,0.08281625,0.09866625,0.02971875,0.02654875,0.03288875,0.03288875,0.03605875,0.04873875,0.04873875,0.04239875,0.03288875,0.02971875,0.04556875,0.03922875,0.06458875,0.04556875,0.08360875,0.04873875,0.05190875,0.04556875,0.03288875,0.02971875,0.04239875,0.03288875,0.02971875,0.03605875,0.26033625,0.06379625,0.13987625,0.16840625,0.16840625,0.20327625,0.23497625,0.09232625,0.12402625,0.07647625,0.07647625,0.07647625,0.05111625,0.07330625,0.09866625,0.15255625,0.03605875,0.03605875,0.02654875,0.02654875,0.02337875,0.05507875,0.03288875,0.03605875,0.02258625,0.02258625,0.01941625,0.02575625,0.02258625,0.02258625,0.02258625,0.02575625,0.03526625,0.03209625,0.02258625,0.02892625,0.02892625,0.03209625,0.04477625,0.04477625,0.03526625,0.03209625,0.03209625,0.03209625,0.03209625,0.03526625,0.03526625,0.04477625,2.39057625,2.37472625,2.26694625,2.20671625,2.20988625,2.25109625,2.31766625,3.33840625,0.26667625,0.18425625,0.18425625,0.18742625,0.21278625,0.22546625,0.24131625,0.26984625,0.15889625,0.15255625,0.13987625,0.15889625,0.16840625,0.16523625,0.17157625,0.18108625,0.73662875,0.44815875,0.40694875,0.46083875,0.45132875,0.46400875,0.51789875,0.55593875,0.83806875,0.51789875,0.65103875,0.37841875,0.84123875,0.58763875,0.82538875,0.83806875,0.84440875,0.96486875,0.97120875,0.95535875,0.92999875,0.93633875,0.93316875,0.93316875
19.3194444444444,0.06458875,0.06775875,0.06775875,0.08043875,0.06458875,0.08994875,0.06458875,0.05507875,0.06458875,0.08360875,0.04556875,0.03605875,0.02654875,0.01386875,0.01703875,0.02971875,0.01703875,0.02337875,0.01703875,0.01703875,0.01703875,0.01703875,0.01386875,0.01703875,0.18108625,0.15255625,0.21912625,0.21595625,0.19059625,0.18108625,0.22546625,0.28252625,0.11134625,0.09232625,0.11768625,0.08598625,0.09866625,0.08598625,0.09549625,0.09232625,0.11134625,0.06696625,0.05428625,0.06696625,0.07013625,0.07647625,0.08281625,0.10183625,0.02971875,0.02654875,0.02654875,0.03288875,0.03605875,0.05190875,0.04873875,0.04239875,0.03288875,0.04239875,0.04556875,0.03922875,0.06458875,0.04873875,0.08360875,0.04873875,0.05507875,0.04873875,0.03288875,0.03288875,0.04239875,0.02971875,0.02971875,0.03605875,0.24448625,0.06696625,0.13670625,0.17474625,0.16840625,0.19693625,0.23180625,0.09232625,0.13670625,0.07647625,0.07964625,0.07647625,0.04794625,0.07330625,0.09866625,0.15572625,0.03605875,0.04556875,0.02654875,0.02971875,0.02337875,0.06141875,0.02337875,0.05190875,0.02258625,0.02258625,0.01941625,0.02575625,0.02258625,0.02258625,0.02258625,0.02575625,0.03526625,0.03209625,0.02258625,0.02892625,0.02892625,0.03209625,0.04477625,0.04477625,0.03843625,0.03209625,0.03209625,0.03209625,0.03209625,0.03526625,0.03526625,0.04477625,2.37789625,2.26377625,2.13063625,2.08308625,2.10210625,2.15282625,2.21622625,3.32572625,0.27301625,0.18742625,0.18425625,0.18742625,0.21912625,0.22863625,0.24765625,0.26033625,0.16840625,0.15572625,0.14621625,0.16523625,0.16523625,0.17157625,0.17157625,0.18108625,0.73345875,0.46400875,0.38158875,0.45132875,0.47668875,0.47985875,0.48619875,0.56227875,0.83489875,0.50521875,0.64152875,0.33403875,0.81587875,0.56861875,0.80319875,0.83172875,0.90146875,0.93316875,0.94584875,0.93316875,0.91097875,0.93633875,0.90463875,0.92365875
19.4861111111111,0.06458875,0.07409875,0.06775875,0.08360875,0.06775875,0.08994875,0.06141875,0.05190875,0.06458875,0.08360875,0.04556875,0.03605875,0.02971875,0.01386875,0.02337875,0.02654875,0.01703875,0.02337875,0.01703875,0.01703875,0.01703875,0.01703875,0.01386875,0.01703875,0.18108625,0.15572625,0.21912625,0.21278625,0.19059625,0.18108625,0.22546625,0.28569625,0.11134625,0.09232625,0.11768625,0.08598625,0.09866625,0.08598625,0.09549625,0.09549625,0.11134625,0.06696625,0.05428625,0.06696625,0.07013625,0.07964625,0.08281625,0.10183625,0.02971875,0.02337875,0.02337875,0.03605875,0.03605875,0.05190875,0.04873875,0.04556875,0.03288875,0.04239875,0.04556875,0.03922875,0.06458875,0.04873875,0.08360875,0.05190875,0.05507875,0.04556875,0.03605875,0.03288875,0.04239875,0.03288875,0.02971875,0.03605875,0.24448625,0.07013625,0.14621625,0.17474625,0.17157625,0.20644625,0.23497625,0.08915625,0.13987625,0.07330625,0.07330625,0.07647625,0.04477625,0.07647625,0.09549625,0.14938625,0.03605875,0.03288875,0.03922875,0.03605875,0.02337875,0.03288875,0.02971875,0.03605875,0.02258625,0.02258625,0.01941625,0.02575625,0.02258625,0.02258625,0.02258625,0.02575625,0.03526625,0.03209625,0.02258625,0.02892625,0.02892625,0.03209625,0.04477625,0.04477625,0.03843625,0.03209625,0.03209625,0.03209625,0.03209625,0.03526625,0.03526625,0.04477625,2.34936625,2.34302625,2.18135625,2.11795625,2.16233625,2.18769625,2.31132625,3.30036625,0.28569625,0.18742625,0.18742625,0.19059625,0.21912625,0.23180625,0.24448625,0.26350625,0.17474625,0.15889625,0.14938625,0.16523625,0.17157625,0.17157625,0.17474625,0.17791625,0.73662875,0.37207875,0.27697875,0.42596875,0.49570875,0.45766875,0.41328875,0.56544875,0.84757875,0.54325875,0.67322875,0.33086875,0.84123875,0.57812875,0.80636875,0.84440875,0.81587875,0.88244875,0.90780875,0.92999875,0.91731875,0.97754875,0.95852875,0.94267875
19.6527777777778,0.064985,0.071325,0.068155,0.084005,0.058645,0.084005,0.068155,0.052305,0.064985,0.087175,0.045965,0.036455,0.030115,0.014265,0.014265,0.030115,0.017435,0.020605,0.017435,0.017435,0.017435,0.017435,0.014265,0.017435,0.18425625,0.15572625,0.22229625,0.21595625,0.19376625,0.18108625,0.22546625,0.28886625,0.11134625,0.09232625,0.11768625,0.08598625,0.09866625,0.08598625,0.09549625,0.10817625,0.11451625,0.06696625,0.05745625,0.06696625,0.07330625,0.08281625,0.08281625,0.10500625,0.030115,0.023775,0.030115,0.026945,0.026945,0.049135,0.045965,0.033285,0.033285,0.036455,0.045965,0.039625,0.064985,0.049135,0.084005,0.055475,0.055475,0.045965,0.033285,0.030115,0.042795,0.033285,0.030115,0.036455,0.24448625,0.07013625,0.15255625,0.17157625,0.16840625,0.20327625,0.22863625,0.08915625,0.15572625,0.07647625,0.08281625,0.07647625,0.05428625,0.07647625,0.09866625,0.14938625,0.036455,0.033285,0.039625,0.033285,0.023775,0.030115,0.039625,0.036455,0.02258625,0.02575625,0.01941625,0.02575625,0.02258625,0.02258625,0.02258625,0.02575625,0.03526625,0.03209625,0.02258625,0.02892625,0.02892625,0.03209625,0.04477625,0.04477625,0.03526625,0.03209625,0.03209625,0.03209625,0.03209625,0.03526625,0.03526625,0.04160625,2.37789625,2.34936625,2.24792625,2.13063625,2.15282625,2.21305625,2.24475625,3.39863625,0.28886625,0.18425625,0.18108625,0.19059625,0.21595625,0.23180625,0.24765625,0.27618625,0.16206625,0.14938625,0.13670625,0.15889625,0.16840625,0.17157625,0.17157625,0.17791625,0.743365,0.356625,0.274205,0.445385,0.511955,0.505615,0.439045,0.565845,0.847975,0.502445,0.645095,0.321755,0.813105,0.562675,0.781405,0.806765,0.689475,0.825785,0.917715,0.914545,0.886015,0.924055,0.892355,0.908205
19.8194444444444,0.0641925,0.0737025,0.0673625,0.0673625,0.0578525,0.0832125,0.0610225,0.0515125,0.0641925,0.0832125,0.0451725,0.0356625,0.0293225,0.0166425,0.0134725,0.0229825,0.0166425,0.0198125,0.0229825,0.0166425,0.0166425,0.0166425,0.0134725,0.0166425,0.18425625,0.15572625,0.22229625,0.21595625,0.19376625,0.18108625,0.22546625,0.30154625,0.11451625,0.09232625,0.11768625,0.08598625,0.10183625,0.08598625,0.09549625,0.12085625,0.11768625,0.06696625,0.05745625,0.06696625,0.07330625,0.08598625,0.08598625,0.10500625,0.0293225,0.0293225,0.0261525,0.0261525,0.0261525,0.0483425,0.0420025,0.0324925,0.0324925,0.0420025,0.0451725,0.0388325,0.0641925,0.0483425,0.0832125,0.0546825,0.0546825,0.0483425,0.0324925,0.0324925,0.0388325,0.0324925,0.0293225,0.0356625,0.25716625,0.07330625,0.14938625,0.18108625,0.17157625,0.20327625,0.22546625,0.08915625,0.14304625,0.07330625,0.08598625,0.07964625,0.05111625,0.07964625,0.09549625,0.14938625,0.0356625,0.0324925,0.0388325,0.0293225,0.0324925,0.0293225,0.0229825,0.0356625,0.02258625,0.02575625,0.01941625,0.02575625,0.02258625,0.02258625,0.02258625,0.02575625,0.03526625,0.03209625,0.02258625,0.02892625,0.02892625,0.03209625,0.04794625,0.04477625,0.03843625,0.03209625,0.03209625,0.03209625,0.03209625,0.03526625,0.03526625,0.04477625,2.41910625,2.48884625,2.33034625,2.27011625,2.30498625,2.34936625,2.42227625,3.40497625,0.28569625,0.18742625,0.18108625,0.19059625,0.22229625,0.22863625,0.24765625,0.27618625,0.16523625,0.15889625,0.13987625,0.15889625,0.17157625,0.16840625,0.17474625,0.20327625,0.7520825,0.2956025,0.2448825,0.4350825,0.5143325,0.5016525,0.4699525,0.5872425,0.8598625,0.4477625,0.6538125,0.3209625,0.8503525,0.5840725,0.8123125,0.8249925,0.8915625,0.7647625,0.9264325,0.9359425,0.9264325,0.9359425,0.9137525,0.9264325
19.9861111111111,0.064985,0.071325,0.068155,0.080835,0.055475,0.087175,0.064985,0.052305,0.064985,0.084005,0.045965,0.036455,0.030115,0.014265,0.020605,0.026945,0.017435,0.020605,0.017435,0.017435,0.017435,0.017435,0.014265,0.017435,0.18425625,0.15572625,0.22546625,0.21912625,0.19376625,0.18108625,0.22863625,0.32690625,0.11134625,0.09232625,0.11768625,0.08598625,0.10183625,0.08598625,0.09549625,0.12402625,0.12085625,0.07013625,0.05745625,0.07013625,0.07647625,0.08598625,0.08598625,0.10500625,0.030115,0.030115,0.033285,0.033285,0.026945,0.052305,0.049135,0.045965,0.036455,0.033285,0.045965,0.039625,0.064985,0.045965,0.084005,0.052305,0.055475,0.045965,0.033285,0.033285,0.039625,0.033285,0.033285,0.036455,0.23497625,0.07013625,0.15255625,0.17474625,0.17157625,0.20010625,0.22229625,0.08915625,0.15255625,0.07330625,0.08598625,0.07964625,0.05428625,0.08281625,0.09866625,0.14938625,0.036455,0.042795,0.026945,0.026945,0.023775,0.026945,0.023775,0.036455,0.02258625,0.02575625,0.01941625,0.02575625,0.02258625,0.02258625,0.02258625,0.02575625,0.03526625,0.03209625,0.02258625,0.02892625,0.02892625,0.03209625,0.04477625,0.04477625,0.03526625,0.03209625,0.03209625,0.03209625,0.03209625,0.03526625,0.03526625,0.04477625,2.47299625,2.43812625,2.31766625,2.26060625,2.26694625,2.33034625,2.35887625,3.50007625,0.28569625,0.18742625,0.18742625,0.19059625,0.21912625,0.23180625,0.25082625,0.27618625,0.16206625,0.15572625,0.14621625,0.16206625,0.17157625,0.17157625,0.17474625,0.19059625,0.803595,0.283715,0.213975,0.410515,0.521465,0.473915,0.470745,0.553165,0.866995,0.420025,0.711665,0.350285,0.898695,0.626075,0.860655,0.841635,0.990625,0.835295,0.936735,0.946245,0.965265,0.968435,0.993795,0.977945
20.1527777777778,0.06458875,0.07409875,0.06775875,0.08360875,0.05190875,0.08360875,0.06775875,0.05507875,0.06458875,0.08360875,0.04556875,0.03605875,0.02971875,0.01386875,0.01703875,0.02337875,0.01703875,0.02020875,0.01703875,0.01703875,0.02020875,0.01703875,0.01386875,0.01703875,0.18742625,0.15572625,0.22546625,0.21912625,0.19693625,0.18425625,0.22863625,0.32690625,0.11134625,0.09232625,0.11768625,0.08598625,0.10183625,0.08598625,0.09549625,0.11768625,0.12402625,0.07013625,0.05745625,0.07013625,0.07647625,0.08915625,0.08598625,0.10500625,0.02971875,0.02654875,0.03288875,0.03605875,0.02654875,0.04873875,0.04873875,0.04239875,0.03288875,0.03922875,0.04556875,0.03605875,0.06458875,0.04873875,0.08043875,0.05190875,0.05507875,0.04556875,0.03288875,0.02971875,0.04239875,0.03288875,0.02971875,0.03605875,0.23497625,0.07330625,0.15255625,0.18425625,0.17157625,0.20644625,0.22546625,0.08915625,0.13036625,0.07330625,0.08598625,0.07964625,0.05428625,0.08281625,0.09866625,0.14938625,0.03605875,0.04556875,0.04239875,0.02654875,0.02654875,0.03922875,0.02337875,0.03922875,0.02258625,0.02575625,0.01941625,0.02575625,0.02258625,0.02258625,0.02258625,0.02575625,0.03526625,0.03209625,0.02258625,0.02892625,0.03209625,0.03209625,0.04794625,0.04477625,0.03526625,0.03209625,0.03209625,0.03209625,0.03209625,0.03526625,0.03526625,0.04160625,2.48250625,2.43178625,2.29864625,2.24158625,2.24792625,2.32717625,2.36204625,3.52226625,0.28569625,0.19059625,0.19059625,0.19376625,0.21912625,0.23497625,0.25399625,0.27301625,0.17791625,0.15572625,0.15255625,0.16206625,0.17157625,0.17474625,0.17474625,0.18425625,0.78100875,0.29916875,0.25161875,0.40694875,0.51472875,0.55910875,0.49570875,0.58446875,0.85391875,0.42596875,0.68590875,0.33720875,0.84757875,0.59714875,0.81270875,0.82221875,0.99973875,0.86976875,0.92682875,0.91097875,0.91414875,0.95535875,0.94584875,0.93950875
20.3194444444444,0.06775875,0.07409875,0.07092875,0.08043875,0.05507875,0.08994875,0.07092875,0.05190875,0.06458875,0.08360875,0.04556875,0.03605875,0.02971875,0.01386875,0.01703875,0.02654875,0.02020875,0.02020875,0.01703875,0.01703875,0.01703875,0.01703875,0.01386875,0.01703875,0.18742625,0.15889625,0.22863625,0.21912625,0.19693625,0.18425625,0.23180625,0.31422625,0.11451625,0.09232625,0.11768625,0.08598625,0.10183625,0.08598625,0.09866625,0.10500625,0.12719625,0.07013625,0.05745625,0.07013625,0.07647625,0.08915625,0.08915625,0.10817625,0.02971875,0.02654875,0.03288875,0.02971875,0.02654875,0.04873875,0.04239875,0.03605875,0.03288875,0.03922875,0.04556875,0.03605875,0.06458875,0.04873875,0.07726875,0.05507875,0.05507875,0.04556875,0.03605875,0.03288875,0.04239875,0.03288875,0.03288875,0.03605875,0.23814625,0.07647625,0.16206625,0.18425625,0.17791625,0.20961625,0.22546625,0.08915625,0.13353625,0.07330625,0.08598625,0.07964625,0.05428625,0.08598625,0.09866625,0.15255625,0.03605875,0.04556875,0.04239875,0.02654875,0.02337875,0.02971875,0.02971875,0.03922875,0.02258625,0.02575625,0.01941625,0.02575625,0.02258625,0.02258625,0.02258625,0.02575625,0.03526625,0.03209625,0.02258625,0.02892625,0.03209625,0.03209625,0.04794625,0.04477625,0.03526625,0.03209625,0.03209625,0.03209625,0.03209625,0.03526625,0.03526625,0.04160625,2.41910625,2.36521625,2.24158625,2.17184625,2.21939625,2.27011625,2.30181625,3.41765625,0.27935625,0.19376625,0.18742625,0.19693625,0.22863625,0.23497625,0.25399625,0.28252625,0.16840625,0.15572625,0.14938625,0.16206625,0.16523625,0.16840625,0.17474625,0.18425625,0.77783875,0.28648875,0.31818875,0.38158875,0.54325875,0.52740875,0.53691875,0.58763875,0.85708875,0.39109875,0.64469875,0.33086875,0.84440875,0.60348875,0.83172875,0.83806875,0.98388875,0.90463875,0.91097875,0.90780875,0.90463875,0.94584875,0.94267875,0.95852875
20.4861111111111,0.06458875,0.06775875,0.06775875,0.08043875,0.05190875,0.08677875,0.06775875,0.05190875,0.06458875,0.08360875,0.04556875,0.03288875,0.02654875,0.01386875,0.01386875,0.02337875,0.01703875,0.02020875,0.02337875,0.01703875,0.01703875,0.01703875,0.01386875,0.01703875,0.19059625,0.15889625,0.22863625,0.22229625,0.19693625,0.18425625,0.22863625,0.32056625,0.11451625,0.09232625,0.11768625,0.08598625,0.10183625,0.08598625,0.09866625,0.09866625,0.13036625,0.07330625,0.06062625,0.07647625,0.07647625,0.09232625,0.08915625,0.11134625,0.03605875,0.02654875,0.02337875,0.02971875,0.02971875,0.05190875,0.05190875,0.03288875,0.03288875,0.03605875,0.04556875,0.03605875,0.05190875,0.04873875,0.07726875,0.05507875,0.05507875,0.04239875,0.03605875,0.03288875,0.04239875,0.03288875,0.02971875,0.03922875,0.23814625,0.07964625,0.16523625,0.19376625,0.17474625,0.20644625,0.22229625,0.08915625,0.15255625,0.07330625,0.08915625,0.07964625,0.05428625,0.08598625,0.10183625,0.15572625,0.03605875,0.04556875,0.02654875,0.02654875,0.02337875,0.02971875,0.02337875,0.05190875,0.02258625,0.02575625,0.01941625,0.02575625,0.02258625,0.02258625,0.02258625,0.02575625,0.03526625,0.03209625,0.02258625,0.02892625,0.03209625,0.03209625,0.04477625,0.04477625,0.03526625,0.03209625,0.03209625,0.03209625,0.03209625,0.03526625,0.03526625,0.04477625,2.43178625,2.26377625,2.14014625,2.06723625,2.12112625,2.14648625,2.23524625,3.42082625,0.28569625,0.19376625,0.18742625,0.19693625,0.23180625,0.23497625,0.26033625,0.28252625,0.16523625,0.15889625,0.15255625,0.16523625,0.17474625,0.17474625,0.17791625,0.18742625,0.79368875,0.32769875,0.36256875,0.36256875,0.56227875,0.54008875,0.51789875,0.59080875,0.86659875,0.35622875,0.63835875,0.29916875,0.82538875,0.58763875,0.80636875,0.80636875,0.92365875,0.88561875,0.91414875,0.89195875,0.88561875,0.91097875,0.92682875,0.93316875
20.6527777777778,0.06458875,0.07092875,0.06458875,0.06775875,0.05507875,0.08994875,0.06141875,0.05507875,0.06458875,0.08360875,0.04556875,0.03288875,0.02654875,0.01386875,0.01386875,0.02654875,0.01703875,0.02337875,0.01703875,0.01703875,0.02020875,0.01703875,0.01703875,0.01703875,0.19059625,0.15889625,0.23180625,0.22229625,0.19693625,0.18425625,0.23180625,0.31739625,0.11451625,0.09232625,0.11768625,0.08598625,0.10183625,0.08598625,0.09549625,0.09549625,0.13036625,0.07330625,0.06062625,0.07647625,0.07964625,0.09232625,0.08915625,0.11134625,0.02971875,0.03605875,0.02654875,0.02654875,0.02971875,0.05190875,0.05190875,0.04239875,0.03288875,0.04556875,0.04873875,0.03922875,0.05190875,0.04873875,0.08360875,0.05190875,0.05507875,0.04556875,0.03605875,0.03288875,0.04239875,0.03288875,0.03288875,0.03605875,0.23497625,0.08281625,0.17474625,0.19376625,0.17791625,0.21595625,0.21595625,0.08598625,0.14304625,0.07330625,0.09232625,0.08281625,0.05428625,0.08598625,0.10183625,0.14938625,0.03605875,0.03288875,0.04239875,0.02654875,0.02337875,0.06141875,0.02337875,0.05507875,0.02258625,0.02575625,0.01941625,0.02575625,0.02258625,0.02258625,0.02258625,0.02575625,0.03526625,0.03209625,0.02258625,0.02892625,0.02892625,0.03209625,0.04477625,0.04477625,0.03526625,0.03209625,0.03209625,0.03209625,0.03209625,0.03526625,0.03526625,0.04160625,2.46665625,2.35253625,2.25109625,2.16233625,2.17818625,2.16550625,2.20671625,3.48739625,0.28252625,0.19059625,0.18742625,0.20010625,0.22863625,0.23497625,0.26033625,0.28569625,0.16523625,0.15889625,0.13670625,0.16840625,0.17157625,0.17474625,0.17791625,0.18425625,0.74930875,0.39426875,0.34988875,0.35622875,0.53057875,0.48619875,0.52106875,0.60031875,0.86659875,0.42596875,0.72077875,0.28648875,0.86976875,0.62567875,0.82221875,0.87293875,0.99656875,0.96803875,0.91414875,1.01875875,0.97437875,0.90780875,0.99339875,0.98705875
20.8194444444444,0.06458875,0.07092875,0.07092875,0.06775875,0.05507875,0.08677875,0.07092875,0.05190875,0.06458875,0.08360875,0.04556875,0.03288875,0.02654875,0.01386875,0.01703875,0.02654875,0.01703875,0.02337875,0.01703875,0.01703875,0.01703875,0.01703875,0.01386875,0.01703875,0.19059625,0.15889625,0.23180625,0.22546625,0.20010625,0.18425625,0.23180625,0.31739625,0.11451625,0.09232625,0.11768625,0.08598625,0.10183625,0.08598625,0.09866625,0.09232625,0.13353625,0.07330625,0.06062625,0.07647625,0.07964625,0.09232625,0.09232625,0.11451625,0.02971875,0.03605875,0.02654875,0.02654875,0.02971875,0.04873875,0.05190875,0.04556875,0.03288875,0.04239875,0.04556875,0.03922875,0.05507875,0.04873875,0.08360875,0.05190875,0.05507875,0.04873875,0.03605875,0.02971875,0.04239875,0.03288875,0.02971875,0.03605875,0.23180625,0.08915625,0.18108625,0.19376625,0.17791625,0.21912625,0.21595625,0.08598625,0.13987625,0.07330625,0.08598625,0.08281625,0.04794625,0.08915625,0.10183625,0.15889625,0.03605875,0.03288875,0.02654875,0.02654875,0.02337875,0.04239875,0.02337875,0.03605875,0.02258625,0.02575625,0.01941625,0.02575625,0.02258625,0.02258625,0.02258625,0.02575625,0.03526625,0.03209625,0.02258625,0.02892625,0.02892625,0.03209625,0.04794625,0.04477625,0.03526625,0.03209625,0.03209625,0.03209625,0.03209625,0.03526625,0.03526625,0.04160625,2.47616625,2.48884625,2.30498625,2.26060625,2.27962625,2.28596625,2.41276625,3.43350625,0.29203625,0.19693625,0.19376625,0.20010625,0.23497625,0.24131625,0.26350625,0.28569625,0.16840625,0.15572625,0.15255625,0.16840625,0.17474625,0.17474625,0.17791625,0.18108625,0.78100875,0.37841875,0.33086875,0.34988875,0.47351875,0.43230875,0.51789875,0.60665875,0.88878875,0.42596875,0.68590875,0.30550875,0.87610875,0.63518875,0.79685875,0.85074875,0.96169875,0.92682875,0.95218875,0.96486875,0.94267875,0.97437875,0.99656875,0.98705875
20.9861111111111,0.06458875,0.07409875,0.06775875,0.07726875,0.06775875,0.08994875,0.06775875,0.05190875,0.06458875,0.08360875,0.04556875,0.03288875,0.02654875,0.01386875,0.01386875,0.02337875,0.01703875,0.02020875,0.02337875,0.01703875,0.01703875,0.01703875,0.01386875,0.01703875,0.19337,0.16167,0.22824,0.2219,0.19971,0.18703,0.23141,0.32334,0.11412,0.09193,0.11729,0.08559,0.10144,0.08559,0.09827,0.09193,0.13631,0.07291,0.06023,0.07608,0.07925,0.09193,0.09193,0.11412,0.03288875,0.03605875,0.02654875,0.02654875,0.02971875,0.04873875,0.04556875,0.04239875,0.03288875,0.03288875,0.04873875,0.03922875,0.06775875,0.04873875,0.08360875,0.05824875,0.05507875,0.04556875,0.03605875,0.03288875,0.04239875,0.03288875,0.02971875,0.03605875,0.23141,0.10144,0.1902,0.19971,0.17752,0.21873,0.21556,0.08559,0.14582,0.07291,0.0951,0.08242,0.05389,0.08876,0.10461,0.1585,0.03605875,0.03288875,0.02654875,0.02971875,0.02337875,0.06141875,0.02337875,0.04239875,0.02219,0.02536,0.01902,0.02536,0.02219,0.02219,0.02219,0.02536,0.03487,0.0317,0.02219,0.02853,0.0317,0.0317,0.04438,0.04438,0.03487,0.0317,0.0317,0.0317,0.0317,0.03487,0.03487,0.04121,2.3775,2.37116,2.20315,2.18096,2.18413,2.19681,2.26972,3.38239,0.28847,0.19654,0.19654,0.19971,0.23458,0.24092,0.26311,0.30115,0.16801,0.1585,0.14265,0.16484,0.17118,0.17752,0.18069,0.1902,0.74296875,0.31818875,0.31818875,0.32769875,0.39109875,0.37841875,0.42279875,0.60031875,0.88878875,0.42596875,0.73345875,0.32452875,0.87293875,0.63201875,0.75564875,0.82221875,0.98705875,0.92048875,0.94267875,0.94584875,0.93633875,0.93633875,0.95535875,0.98071875
21.1527777777778,0.06458875,0.06458875,0.06775875,0.08043875,0.06775875,0.08994875,0.06775875,0.05190875,0.06775875,0.08360875,0.04556875,0.03288875,0.02654875,0.01386875,0.01386875,0.02337875,0.02337875,0.02337875,0.01703875,0.01703875,0.01703875,0.01703875,0.01386875,0.01703875,0.19376625,0.16206625,0.23180625,0.22546625,0.20010625,0.18742625,0.23497625,0.33007625,0.11451625,0.09232625,0.11768625,0.08598625,0.10183625,0.08598625,0.09866625,0.09232625,0.13987625,0.07330625,0.06062625,0.07647625,0.07964625,0.09232625,0.09232625,0.11768625,0.03288875,0.03288875,0.02337875,0.03288875,0.02971875,0.05190875,0.04239875,0.04239875,0.03288875,0.03922875,0.04873875,0.03922875,0.05824875,0.04873875,0.08360875,0.05507875,0.05507875,0.04556875,0.03605875,0.03288875,0.04239875,0.03288875,0.03288875,0.03922875,0.23180625,0.09866625,0.19059625,0.20327625,0.18108625,0.22229625,0.21595625,0.08915625,0.14621625,0.07330625,0.09232625,0.08281625,0.05111625,0.08915625,0.10500625,0.15889625,0.03605875,0.04556875,0.02971875,0.03922875,0.02337875,0.03288875,0.02337875,0.03605875,0.02258625,0.02575625,0.01941625,0.02575625,0.02258625,0.02258625,0.02258625,0.02575625,0.03526625,0.03209625,0.02258625,0.02892625,0.03209625,0.03209625,0.04477625,0.04794625,0.03526625,0.03209625,0.03209625,0.03209625,0.03209625,0.03526625,0.03526625,0.04160625,2.34619625,2.26060625,2.11478625,2.06723625,2.09259625,2.12112625,2.19086625,3.38912625,0.29520625,0.19693625,0.19693625,0.20327625,0.23814625,0.24448625,0.26984625,0.30471625,0.16840625,0.16523625,0.15255625,0.17474625,0.18108625,0.18108625,0.18108625,0.19059625,0.73979875,0.29599875,0.29599875,0.37207875,0.35305875,0.37207875,0.40694875,0.59714875,0.92682875,0.52106875,0.76515875,0.30233875,0.88561875,0.63518875,0.70809875,0.86342875,1.01875875,0.91414875,0.89829875,1.03460875,1.00924875,0.84123875,0.95852875,1.01875875
21.3194444444444,0.0641925,0.0737025,0.0705325,0.0737025,0.0673625,0.0895525,0.0673625,0.0641925,0.0641925,0.0832125,0.0451725,0.0324925,0.0261525,0.0134725,0.0134725,0.0261525,0.0166425,0.0229825,0.0166425,0.0166425,0.0166425,0.0166425,0.0134725,0.0166425,0.19376625,0.16206625,0.23497625,0.22546625,0.20010625,0.18742625,0.23497625,0.33641625,0.11451625,0.09232625,0.11768625,0.08598625,0.10183625,0.08598625,0.09866625,0.08598625,0.14304625,0.07647625,0.06379625,0.07013625,0.07964625,0.09549625,0.09232625,0.12085625,0.0324925,0.0261525,0.0229825,0.0261525,0.0293225,0.0515125,0.0483425,0.0388325,0.0324925,0.0451725,0.0483425,0.0388325,0.0641925,0.0483425,0.0832125,0.0515125,0.0546825,0.0483425,0.0324925,0.0324925,0.0420025,0.0324925,0.0324925,0.0388325,0.22546625,0.10183625,0.20327625,0.20644625,0.18425625,0.22546625,0.21278625,0.08915625,0.14621625,0.07330625,0.09866625,0.08281625,0.05428625,0.08598625,0.10500625,0.16206625,0.0356625,0.0324925,0.0324925,0.0388325,0.0388325,0.0610225,0.0324925,0.0420025,0.02258625,0.02575625,0.01941625,0.02575625,0.02258625,0.02258625,0.02258625,0.02575625,0.03526625,0.03209625,0.02258625,0.02892625,0.02892625,0.03209625,0.04477625,0.04477625,0.03526625,0.03209625,0.03209625,0.03209625,0.03209625,0.03526625,0.03526625,0.04160625,2.41910625,2.37155625,2.26060625,2.20988625,2.21939625,2.23207625,2.28596625,3.49373625,0.28886625,0.19693625,0.20010625,0.20644625,0.23814625,0.24765625,0.26984625,0.30471625,0.18108625,0.15889625,0.14621625,0.15572625,0.17474625,0.17474625,0.17791625,0.20961625,0.7647625,0.3082825,0.3241325,0.3368125,0.3336425,0.3780225,0.4572725,0.5935825,0.9930025,0.4858025,0.8408425,0.2987725,0.9042425,0.6664925,0.7647625,0.8693725,1.0595725,0.8440125,0.7996325,1.1039525,1.0088525,0.9200925,1.0056825,1.0183625
21.4861111111111,0.0641925,0.0737025,0.0705325,0.0800425,0.0641925,0.0863825,0.0673625,0.0515125,0.0641925,0.0832125,0.0451725,0.0324925,0.0261525,0.0134725,0.0134725,0.0229825,0.0166425,0.0198125,0.0166425,0.0166425,0.0166425,0.0166425,0.0134725,0.0166425,0.19693625,0.16206625,0.23814625,0.22863625,0.20010625,0.18742625,0.23497625,0.32690625,0.11451625,0.09232625,0.11768625,0.08598625,0.10183625,0.08598625,0.09866625,0.10183625,0.14621625,0.07647625,0.06379625,0.07330625,0.07964625,0.09549625,0.09549625,0.12085625,0.0324925,0.0261525,0.0229825,0.0293225,0.0293225,0.0515125,0.0515125,0.0451725,0.0324925,0.0420025,0.0451725,0.0388325,0.0641925,0.0483425,0.0832125,0.0578525,0.0515125,0.0483425,0.0324925,0.0324925,0.0388325,0.0324925,0.0293225,0.0356625,0.22863625,0.10500625,0.20644625,0.20961625,0.20010625,0.22863625,0.21278625,0.08598625,0.15572625,0.07330625,0.09232625,0.07964625,0.04794625,0.08598625,0.10183625,0.16206625,0.0356625,0.0324925,0.0293225,0.0324925,0.0261525,0.0388325,0.0356625,0.0515125,0.02258625,0.02258625,0.01941625,0.02575625,0.02258625,0.02258625,0.02258625,0.02575625,0.03526625,0.03209625,0.02258625,0.02892625,0.03209625,0.03209625,0.04794625,0.04477625,0.03526625,0.03209625,0.03209625,0.03209625,0.03209625,0.03526625,0.03526625,0.04160625,2.42861625,2.39057625,2.24475625,2.16233625,2.18769625,2.25743625,2.32400625,3.49373625,0.30154625,0.20010625,0.20010625,0.20644625,0.24131625,0.25082625,0.27301625,0.30154625,0.17157625,0.16206625,0.15255625,0.16206625,0.17157625,0.17791625,0.18108625,0.19059625,0.8440125,0.2512225,0.3114525,0.3431525,0.3399825,0.4255725,0.4604425,0.6094325,0.9074125,0.5016525,0.7964625,0.3209625,0.8820525,0.6633225,0.8059725,0.8440125,1.0659125,0.8186525,0.9486225,1.0183625,0.9613025,0.9581325,0.9866625,1.0088525
21.6527777777778,0.06458875,0.06458875,0.06775875,0.08043875,0.06458875,0.08677875,0.05824875,0.05507875,0.06458875,0.08360875,0.04556875,0.03288875,0.02654875,0.01386875,0.01386875,0.02337875,0.01703875,0.02020875,0.01703875,0.01703875,0.01703875,0.01703875,0.01386875,0.01703875,0.20010625,0.16523625,0.23814625,0.22863625,0.20327625,0.18742625,0.23814625,0.33958625,0.11451625,0.09232625,0.11768625,0.08598625,0.10183625,0.08598625,0.09866625,0.09866625,0.14938625,0.07647625,0.06379625,0.07330625,0.08281625,0.09549625,0.09549625,0.12402625,0.03288875,0.02654875,0.02971875,0.03605875,0.02971875,0.05190875,0.04239875,0.04239875,0.03288875,0.03605875,0.04556875,0.03922875,0.06458875,0.04873875,0.08360875,0.05824875,0.05190875,0.04239875,0.03605875,0.03288875,0.04239875,0.03288875,0.03288875,0.03605875,0.22863625,0.11134625,0.20961625,0.21595625,0.19376625,0.23497625,0.20961625,0.08598625,0.15572625,0.07330625,0.08915625,0.07964625,0.04794625,0.08281625,0.10183625,0.16523625,0.03605875,0.03288875,0.02654875,0.02971875,0.02337875,0.05824875,0.02337875,0.05190875,0.02258625,0.02575625,0.01941625,0.02575625,0.02258625,0.02258625,0.02258625,0.02575625,0.03526625,0.03209625,0.02258625,0.02892625,0.02892625,0.03209625,0.04794625,0.04477625,0.03526625,0.03209625,0.03209625,0.03209625,0.03209625,0.03209625,0.03526625,0.04160625,2.41276625,2.33351625,2.19086625,2.10210625,2.12429625,2.21622625,2.30181625,3.47788625,0.29837625,0.20327625,0.20010625,0.20644625,0.24448625,0.25399625,0.27618625,0.31739625,0.18425625,0.16206625,0.14938625,0.16523625,0.17791625,0.17791625,0.18108625,0.20961625,0.80002875,0.18187875,0.25161875,0.28648875,0.30867875,0.47351875,0.53691875,0.62250875,0.92682875,0.47351875,0.73979875,0.31501875,0.88878875,0.66688875,0.83806875,0.86025875,1.10751875,0.83806875,0.95852875,1.00924875,0.95852875,0.93316875,0.99339875,1.03143875
21.8194444444444,0.06458875,0.07409875,0.06775875,0.08043875,0.06458875,0.08994875,0.06458875,0.05507875,0.06458875,0.08360875,0.04556875,0.03288875,0.02654875,0.01386875,0.01386875,0.02337875,0.01703875,0.02337875,0.01703875,0.01703875,0.01703875,0.02020875,0.01386875,0.01703875,0.19654,0.16484,0.24092,0.22824,0.20288,0.18703,0.23775,0.33919,0.11412,0.09193,0.11729,0.08559,0.10144,0.08559,0.09827,0.11412,0.15216,0.07291,0.0634,0.07291,0.08242,0.0951,0.0951,0.1268,0.03288875,0.02654875,0.03288875,0.03605875,0.02971875,0.04873875,0.05190875,0.04556875,0.03288875,0.03605875,0.04556875,0.03922875,0.06458875,0.04873875,0.08360875,0.05824875,0.05190875,0.04556875,0.03605875,0.03288875,0.04239875,0.03288875,0.02971875,0.03605875,0.22824,0.11729,0.21556,0.21873,0.19337,0.22824,0.20922,0.08559,0.1585,0.07291,0.09193,0.07925,0.04755,0.08242,0.10144,0.15533,0.03605875,0.03288875,0.02654875,0.02654875,0.02971875,0.05507875,0.02337875,0.03922875,0.02219,0.02219,0.01902,0.02536,0.02219,0.02219,0.02219,0.02536,0.03487,0.0317,0.02219,0.02853,0.0317,0.0317,0.04755,0.04438,0.03487,0.0317,0.0317,0.0317,0.0317,0.0317,0.03487,0.04121,2.39335,2.3458,2.13341,2.08269,2.12707,2.20632,2.23802,3.46481,0.31066,0.19971,0.19971,0.20605,0.24726,0.2536,0.27579,0.317,0.17118,0.16167,0.14899,0.1585,0.17435,0.17752,0.18386,0.20605,0.73345875,0.16919875,0.24844875,0.28648875,0.30550875,0.46717875,0.55593875,0.60982875,0.95535875,0.46083875,0.75564875,0.33720875,0.89512875,0.67956875,0.85391875,0.85391875,1.09800875,0.81587875,0.95852875,0.85391875,0.96803875,0.95852875,0.99339875,1.05045875
21.9861111111111,0.06458875,0.07092875,0.06775875,0.07092875,0.05824875,0.08994875,0.06775875,0.05507875,0.06458875,0.08360875,0.04556875,0.03288875,0.02654875,0.01386875,0.01386875,0.02654875,0.01703875,0.02020875,0.01703875,0.01703875,0.01703875,0.01703875,0.01386875,0.01703875,0.20010625,0.16523625,0.23814625,0.23180625,0.20327625,0.18742625,0.23814625,0.33641625,0.11451625,0.09232625,0.11768625,0.08598625,0.10183625,0.08598625,0.09866625,0.09232625,0.15572625,0.07647625,0.06379625,0.07647625,0.08281625,0.09549625,0.09549625,0.13036625,0.03288875,0.02654875,0.02337875,0.02654875,0.02971875,0.04873875,0.04556875,0.04556875,0.03288875,0.03922875,0.04873875,0.03922875,0.06458875,0.05190875,0.08360875,0.05507875,0.05190875,0.04873875,0.03605875,0.03288875,0.04239875,0.03288875,0.03288875,0.03922875,0.22546625,0.12085625,0.21595625,0.22229625,0.19693625,0.22863625,0.20961625,0.08598625,0.14938625,0.07013625,0.09232625,0.07964625,0.04477625,0.07964625,0.10183625,0.15255625,0.03605875,0.03922875,0.04239875,0.03605875,0.02337875,0.04556875,0.03605875,0.03922875,0.02258625,0.02258625,0.01941625,0.02575625,0.02258625,0.02258625,0.02258625,0.02575625,0.03526625,0.03209625,0.02258625,0.02892625,0.02892625,0.03209625,0.04794625,0.04477625,0.03526625,0.03209625,0.03209625,0.03209625,0.03209625,0.03209625,0.03526625,0.04160625,2.43495625,2.32400625,2.08942625,2.04187625,2.08308625,2.16233625,2.22256625,3.46203625,0.29203625,0.20327625,0.20010625,0.20961625,0.25082625,0.25399625,0.27935625,0.31739625,0.17474625,0.16840625,0.15572625,0.16206625,0.17791625,0.18108625,0.18742625,0.20961625,0.71760875,0.17553875,0.28648875,0.32135875,0.33403875,0.44815875,0.60982875,0.61933875,0.93316875,0.42913875,0.80002875,0.32769875,0.91097875,0.70809875,0.87927875,0.84123875,1.10751875,0.86025875,0.95852875,0.68273875,0.99339875,0.98388875,0.99656875,1.07264875
22.1527777777778,0.06458875,0.07092875,0.06775875,0.08043875,0.06141875,0.08994875,0.06775875,0.05824875,0.06458875,0.08043875,0.04556875,0.03288875,0.02654875,0.01386875,0.01386875,0.02337875,0.02020875,0.02654875,0.01703875,0.01703875,0.02020875,0.01703875,0.01386875,0.01703875,0.20010625,0.16523625,0.23814625,0.23180625,0.20644625,0.19059625,0.23814625,0.33958625,0.11451625,0.09232625,0.11768625,0.08598625,0.10183625,0.08598625,0.09866625,0.10183625,0.15889625,0.07647625,0.06379625,0.07647625,0.08281625,0.09866625,0.09866625,0.13353625,0.03288875,0.02654875,0.02971875,0.02654875,0.02971875,0.05190875,0.05190875,0.04556875,0.03288875,0.03922875,0.04873875,0.03922875,0.06141875,0.04873875,0.08360875,0.05824875,0.05190875,0.04556875,0.03605875,0.03288875,0.04239875,0.03288875,0.03288875,0.03922875,0.22229625,0.14304625,0.22546625,0.23180625,0.20010625,0.23180625,0.20961625,0.08598625,0.16206625,0.07013625,0.10183625,0.07964625,0.05111625,0.07964625,0.10183625,0.15572625,0.03605875,0.04556875,0.02654875,0.03605875,0.02337875,0.06141875,0.03922875,0.03605875,0.02258625,0.02258625,0.01941625,0.02575625,0.02258625,0.02258625,0.02258625,0.02575625,0.03526625,0.03209625,0.02258625,0.02892625,0.02892625,0.03209625,0.04477625,0.04794625,0.03526625,0.03209625,0.03209625,0.03209625,0.03209625,0.03526625,0.03526625,0.04160625,2.35887625,2.20354625,2.01017625,1.98798625,1.98164625,2.04187625,2.14014625,3.43033625,0.29837625,0.20010625,0.20327625,0.21278625,0.25399625,0.25716625,0.28252625,0.31422625,0.19059625,0.16840625,0.14938625,0.14621625,0.18425625,0.16523625,0.18742625,0.19059625,0.89195875,0.25161875,0.31501875,0.28014875,0.40060875,0.43864875,0.63201875,0.61616875,0.97754875,0.41962875,0.85391875,0.34354875,0.91731875,0.70175875,0.86976875,0.83806875,1.12019875,0.91414875,1.02192875,0.77783875,0.98071875,0.94267875,1.00924875,1.08532875
22.3194444444444,0.0641925,0.0737025,0.0705325,0.0673625,0.0641925,0.0800425,0.0673625,0.0546825,0.0641925,0.0832125,0.0451725,0.0324925,0.0261525,0.0134725,0.0134725,0.0229825,0.0166425,0.0229825,0.0166425,0.0166425,0.0198125,0.0166425,0.0134725,0.0166425,0.20327625,0.16523625,0.24448625,0.23180625,0.20961625,0.19059625,0.24131625,0.34592625,0.11451625,0.09232625,0.11768625,0.08598625,0.10183625,0.08598625,0.09866625,0.07964625,0.16206625,0.07647625,0.06696625,0.07647625,0.08598625,0.09866625,0.09866625,0.13987625,0.0324925,0.0293225,0.0293225,0.0261525,0.0293225,0.0483425,0.0451725,0.0451725,0.0324925,0.0356625,0.0483425,0.0388325,0.0673625,0.0515125,0.0832125,0.0546825,0.0515125,0.0451725,0.0356625,0.0324925,0.0388325,0.0324925,0.0324925,0.0388325,0.22229625,0.13353625,0.22863625,0.22863625,0.20327625,0.23180625,0.20644625,0.08915625,0.14304625,0.07330625,0.09232625,0.07964625,0.04477625,0.07647625,0.10183625,0.16206625,0.0356625,0.0420025,0.0388325,0.0356625,0.0229825,0.0610225,0.0356625,0.0515125,0.02258625,0.02575625,0.01941625,0.02575625,0.02258625,0.02258625,0.02258625,0.02575625,0.03526625,0.03209625,0.02258625,0.02892625,0.03209625,0.03209625,0.04794625,0.04794625,0.03526625,0.03209625,0.03209625,0.03209625,0.03209625,0.03209625,0.03526625,0.04160625,2.42544625,2.46665625,2.24475625,2.17184625,2.22890625,2.26377625,2.38740625,3.50958625,0.29520625,0.20010625,0.20961625,0.21595625,0.25399625,0.26350625,0.28569625,0.32690625,0.19059625,0.15572625,0.15572625,0.14938625,0.18425625,0.16840625,0.18425625,0.20010625,0.8598625,0.2860925,0.3082825,0.2797525,0.3590025,0.3875325,0.5967525,0.6379625,0.9074125,0.3558325,0.8123125,0.2702425,0.8598625,0.6760025,0.8376725,0.7996325,1.1039525,0.9296025,1.0373825,0.9296025,0.9454525,0.9105825,0.9581325,1.0690825
22.4861111111111,0.064985,0.074495,0.071325,0.071325,0.064985,0.090345,0.068155,0.055475,0.064985,0.080835,0.045965,0.033285,0.026945,0.014265,0.014265,0.023775,0.017435,0.020605,0.017435,0.017435,0.017435,0.017435,0.014265,0.017435,0.20288,0.16801,0.24409,0.23141,0.20605,0.1902,0.24092,0.34553,0.11412,0.09193,0.11729,0.08559,0.10144,0.08559,0.09827,0.10144,0.16484,0.07925,0.06657,0.07608,0.08559,0.09827,0.09827,0.14899,0.033285,0.036455,0.033285,0.026945,0.033285,0.055475,0.045965,0.042795,0.033285,0.042795,0.045965,0.036455,0.068155,0.049135,0.084005,0.055475,0.052305,0.049135,0.036455,0.033285,0.042795,0.033285,0.033285,0.039625,0.2219,0.13948,0.23141,0.23141,0.20288,0.23141,0.20922,0.08559,0.15216,0.07291,0.09193,0.07925,0.04755,0.07925,0.09827,0.15533,0.036455,0.036455,0.033285,0.036455,0.023775,0.058645,0.030115,0.055475,0.02219,0.02536,0.01902,0.02536,0.02219,0.02219,0.02219,0.02536,0.03487,0.0317,0.02219,0.02853,0.0317,0.0317,0.04755,0.04755,0.03487,0.0317,0.0317,0.0317,0.0317,0.0317,0.03487,0.04121,2.39018,2.31093,2.11122,2.08903,2.10805,2.13341,2.24436,3.44579,0.317,0.20605,0.20605,0.21239,0.25043,0.26311,0.2853,0.32017,0.17752,0.16484,0.15533,0.16801,0.17752,0.18069,0.18703,0.21873,0.800425,0.309075,0.302735,0.305905,0.353455,0.331265,0.556335,0.645095,0.927225,0.286885,0.806765,0.261525,0.863825,0.679965,0.844805,0.752875,1.130105,0.943075,1.031835,0.974775,0.958925,0.898695,0.984285,1.054025
22.6527777777778,0.064985,0.068155,0.071325,0.077665,0.061815,0.087175,0.068155,0.058645,0.064985,0.080835,0.045965,0.033285,0.026945,0.014265,0.014265,0.020605,0.017435,0.020605,0.017435,0.017435,0.017435,0.017435,0.014265,0.017435,0.20288,0.16801,0.24726,0.23141,0.20288,0.1902,0.24409,0.35504,0.11412,0.09193,0.11729,0.08559,0.10144,0.08559,0.09827,0.08876,0.16801,0.07925,0.06657,0.07925,0.08559,0.09827,0.09827,0.15216,0.033285,0.026945,0.030115,0.030115,0.030115,0.055475,0.052305,0.045965,0.033285,0.036455,0.049135,0.039625,0.058645,0.049135,0.084005,0.055475,0.052305,0.045965,0.033285,0.033285,0.042795,0.033285,0.033285,0.042795,0.21873,0.14265,0.24092,0.23141,0.20605,0.23141,0.20922,0.08559,0.14582,0.06974,0.0951,0.07608,0.04755,0.07608,0.10144,0.15533,0.036455,0.033285,0.030115,0.036455,0.023775,0.052305,0.023775,0.052305,0.02219,0.02536,0.01902,0.02536,0.02219,0.02219,0.02219,0.02536,0.03487,0.0317,0.02219,0.02853,0.02853,0.0317,0.04755,0.04755,0.03487,0.0317,0.0317,0.0317,0.0317,0.0317,0.03487,0.04121,2.46626,2.26655,2.09537,2.09854,2.11122,2.11439,2.20632,3.57259,0.30432,0.20922,0.20922,0.21239,0.25677,0.26628,0.29164,0.32017,0.19337,0.16484,0.15216,0.16801,0.18069,0.18386,0.18703,0.20922,0.851145,0.340775,0.280545,0.401005,0.337605,0.309075,0.584865,0.657775,0.955755,0.226655,0.847975,0.274205,0.876505,0.695815,0.860655,0.727515,1.136445,0.977945,1.000135,0.993795,0.987455,0.933565,0.990625,1.025495
22.8194444444444,0.06458875,0.07409875,0.07092875,0.07409875,0.06458875,0.08677875,0.06775875,0.07092875,0.06458875,0.08043875,0.04556875,0.03288875,0.02654875,0.01386875,0.01386875,0.02337875,0.01703875,0.02020875,0.01703875,0.01703875,0.01703875,0.01703875,0.01386875,0.01703875,0.20327625,0.16840625,0.24765625,0.23180625,0.20327625,0.18742625,0.24448625,0.34592625,0.11451625,0.09232625,0.11768625,0.08598625,0.10183625,0.08598625,0.09866625,0.10183625,0.17474625,0.07964625,0.06696625,0.07964625,0.08598625,0.10183625,0.10183625,0.15889625,0.03288875,0.03922875,0.03288875,0.02654875,0.02971875,0.05190875,0.05190875,0.04873875,0.03288875,0.04556875,0.04873875,0.03922875,0.06458875,0.04873875,0.08677875,0.06141875,0.05190875,0.04873875,0.03605875,0.03288875,0.04239875,0.03605875,0.03288875,0.04239875,0.21595625,0.14938625,0.23814625,0.23497625,0.20644625,0.23180625,0.20961625,0.08281625,0.14621625,0.07330625,0.09866625,0.07647625,0.04794625,0.07647625,0.10183625,0.15572625,0.03605875,0.03288875,0.02654875,0.03605875,0.02337875,0.04556875,0.02337875,0.03605875,0.02258625,0.02575625,0.01941625,0.02575625,0.02258625,0.02258625,0.02258625,0.02575625,0.03843625,0.03209625,0.02258625,0.02892625,0.02892625,0.03209625,0.04794625,0.04794625,0.03526625,0.03209625,0.03209625,0.03209625,0.03209625,0.03209625,0.03526625,0.04160625,2.50152625,2.32717625,2.13697625,2.14648625,2.14014625,2.13697625,2.26694625,3.57615625,0.30788625,0.20961625,0.20644625,0.21595625,0.25716625,0.26667625,0.29520625,0.31739625,0.18425625,0.16523625,0.15255625,0.17157625,0.18742625,0.18108625,0.18742625,0.21278625,0.84123875,0.33086875,0.27380875,0.38792875,0.34671875,0.36573875,0.54642875,0.65737875,1.03460875,0.23893875,0.83806875,0.28331875,0.87927875,0.69224875,0.85391875,0.74613875,1.12970875,1.00290875,1.01875875,0.98071875,0.99973875,0.90780875,1.00607875,0.99656875
22.9861111111111,0.064985,0.074495,0.071325,0.084005,0.058645,0.087175,0.068155,0.055475,0.064985,0.080835,0.045965,0.033285,0.030115,0.014265,0.014265,0.023775,0.017435,0.020605,0.017435,0.017435,0.023775,0.017435,0.014265,0.017435,0.20644625,0.16840625,0.24765625,0.23497625,0.20644625,0.19059625,0.24448625,0.34909625,0.11451625,0.09232625,0.12085625,0.08598625,0.10183625,0.08598625,0.09866625,0.12719625,0.17474625,0.08281625,0.06696625,0.07964625,0.08598625,0.10183625,0.10183625,0.16523625,0.033285,0.036455,0.023775,0.026945,0.030115,0.052305,0.052305,0.049135,0.033285,0.039625,0.049135,0.039625,0.052305,0.049135,0.084005,0.058645,0.052305,0.049135,0.036455,0.033285,0.042795,0.033285,0.030115,0.045965,0.21278625,0.15255625,0.24131625,0.23814625,0.20644625,0.23180625,0.21278625,0.08915625,0.13670625,0.07330625,0.09866625,0.07647625,0.05111625,0.07647625,0.09866625,0.16206625,0.036455,0.045965,0.039625,0.039625,0.023775,0.042795,0.033285,0.036455,0.02258625,0.02575625,0.01941625,0.02575625,0.02258625,0.02258625,0.02258625,0.02575625,0.03843625,0.03209625,0.02258625,0.02892625,0.02892625,0.03209625,0.04794625,0.04794625,0.03526625,0.03209625,0.03209625,0.03209625,0.03209625,0.03209625,0.03526625,0.04160625,2.52054625,2.37155625,2.14331625,2.13697625,2.15599625,2.20988625,2.27962625,3.61102625,0.31739625,0.20961625,0.21278625,0.21595625,0.26033625,0.26667625,0.29520625,0.32056625,0.19693625,0.16523625,0.15255625,0.16840625,0.18425625,0.18425625,0.19059625,0.21278625,0.847975,0.337605,0.302735,0.499275,0.340775,0.445385,0.499275,0.645095,1.092065,0.347115,0.939905,0.337605,0.889185,0.733855,0.920885,0.828955,1.164975,1.006475,0.905035,1.117425,1.120595,1.041345,1.133275,1.120595
23.1527777777778,0.0641925,0.0737025,0.0705325,0.0800425,0.0641925,0.0863825,0.0673625,0.0546825,0.0641925,0.0768725,0.0451725,0.0324925,0.0293225,0.0134725,0.0198125,0.0229825,0.0166425,0.0229825,0.0166425,0.0166425,0.0198125,0.0166425,0.0134725,0.0166425,0.20605,0.16801,0.25043,0.23458,0.20605,0.1902,0.24409,0.35187,0.11412,0.09193,0.12046,0.08559,0.10144,0.08876,0.09827,0.0951,0.18069,0.08242,0.06974,0.07925,0.08876,0.10144,0.10144,0.16484,0.0324925,0.0324925,0.0324925,0.0261525,0.0293225,0.0515125,0.0483425,0.0420025,0.0356625,0.0388325,0.0483425,0.0388325,0.0673625,0.0483425,0.0832125,0.0578525,0.0515125,0.0483425,0.0356625,0.0324925,0.0420025,0.0324925,0.0324925,0.0451725,0.21239,0.15533,0.24409,0.23775,0.20605,0.23141,0.21239,0.08242,0.14582,0.07291,0.09827,0.07608,0.05072,0.07925,0.09827,0.16484,0.0356625,0.0356625,0.0261525,0.0388325,0.0229825,0.0610225,0.0229825,0.0515125,0.02219,0.02536,0.01902,0.02536,0.02219,0.02219,0.02219,0.02536,0.03487,0.0317,0.02219,0.02853,0.02853,0.0317,0.04755,0.04755,0.03487,0.0317,0.0317,0.0317,0.0317,0.0317,0.03487,0.04121,2.50747,2.32995,2.13341,2.13341,2.11122,2.2824,2.32044,3.56625,0.31066,0.20922,0.20922,0.21556,0.2536,0.26311,0.30115,0.32334,0.18069,0.16167,0.15533,0.17118,0.18386,0.18386,0.18703,0.19654,0.8566925,0.3526625,0.3590025,0.5270125,0.3590025,0.4541025,0.4541025,0.6538125,1.0151925,0.3463225,0.9105825,0.3716825,0.9010725,0.7298925,0.9169225,0.8408425,1.1261425,0.9834925,0.9105825,1.1102925,1.0532325,1.0342125,1.0722525,1.1039525
23.3194444444444,0.0641925,0.0768725,0.0705325,0.0737025,0.0641925,0.0832125,0.0673625,0.0610225,0.0641925,0.0800425,0.0451725,0.0324925,0.0293225,0.0134725,0.0166425,0.0261525,0.0261525,0.0198125,0.0166425,0.0166425,0.0198125,0.0166425,0.0198125,0.0166425,0.20565375,0.16761375,0.25003375,0.23418375,0.20565375,0.18980375,0.24686375,0.35147375,0.11372375,0.09153375,0.12006375,0.08519375,0.10104375,0.08519375,0.09787375,0.09787375,0.18346375,0.08202375,0.06934375,0.07885375,0.08836375,0.10104375,0.10104375,0.16761375,0.0324925,0.0356625,0.0324925,0.0261525,0.0293225,0.0515125,0.0420025,0.0388325,0.0324925,0.0356625,0.0451725,0.0388325,0.0673625,0.0483425,0.0863825,0.0515125,0.0515125,0.0451725,0.0356625,0.0293225,0.0420025,0.0324925,0.0293225,0.0388325,0.21199375,0.15810375,0.24369375,0.23735375,0.20882375,0.23101375,0.21199375,0.08202375,0.14542375,0.07251375,0.09787375,0.07568375,0.05032375,0.07885375,0.09787375,0.16444375,0.0356625,0.0356625,0.0293225,0.0388325,0.0229825,0.0610225,0.0229825,0.0515125,0.02179375,0.02496375,0.01862375,0.02496375,0.02179375,0.02179375,0.02179375,0.02496375,0.03764375,0.03130375,0.02179375,0.02813375,0.03130375,0.03130375,0.04715375,0.04715375,0.03447375,0.03130375,0.03130375,0.03130375,0.03130375,0.03130375,0.03447375,0.04081375,2.47537375,2.25030375,2.06644375,2.07278375,2.10448375,2.24396375,2.19641375,3.55317375,0.31343375,0.21199375,0.21199375,0.21516375,0.25954375,0.26588375,0.30709375,0.32611375,0.18346375,0.16761375,0.15810375,0.17078375,0.17078375,0.18346375,0.18980375,0.21516375,0.8440125,0.3748525,0.4002125,0.5365225,0.3938725,0.5143325,0.5079925,0.6728325,1.0088525,0.3177925,0.8440125,0.3336425,0.8693725,0.6981925,0.8788825,0.8218225,1.0849325,0.9137525,0.9993425,1.0278725,0.9930025,0.9486225,0.9930025,1.0595725
23.4861111111111,0.0641925,0.0610225,0.0673625,0.0800425,0.0641925,0.0895525,0.0673625,0.0546825,0.0641925,0.0768725,0.0451725,0.0324925,0.0293225,0.0134725,0.0166425,0.0229825,0.0166425,0.0198125,0.0166425,0.0166425,0.0198125,0.0166425,0.0134725,0.0166425,0.20961625,0.17157625,0.25082625,0.23497625,0.20644625,0.19059625,0.24765625,0.35860625,0.11451625,0.09232625,0.12085625,0.08598625,0.10183625,0.08598625,0.09866625,0.08281625,0.18742625,0.08281625,0.07013625,0.07964625,0.08915625,0.10183625,0.10500625,0.16523625,0.0324925,0.0261525,0.0293225,0.0293225,0.0293225,0.0483425,0.0420025,0.0388325,0.0388325,0.0356625,0.0483425,0.0388325,0.0578525,0.0483425,0.0832125,0.0578525,0.0515125,0.0483425,0.0324925,0.0324925,0.0420025,0.0324925,0.0293225,0.0451725,0.21278625,0.16523625,0.24765625,0.23814625,0.20961625,0.23814625,0.21278625,0.08598625,0.14938625,0.07330625,0.09549625,0.07330625,0.04794625,0.07647625,0.09866625,0.16523625,0.0356625,0.0356625,0.0261525,0.0388325,0.0229825,0.0420025,0.0356625,0.0546825,0.02258625,0.02575625,0.01941625,0.02575625,0.02258625,0.02258625,0.02258625,0.02575625,0.03526625,0.03209625,0.02258625,0.02892625,0.02892625,0.03209625,0.04794625,0.04794625,0.03526625,0.03209625,0.03209625,0.03209625,0.03209625,0.03209625,0.03526625,0.04160625,2.50786625,2.30181625,2.07991625,2.10844625,2.14648625,2.28279625,2.27328625,3.59834625,0.31739625,0.21278625,0.21278625,0.22229625,0.26350625,0.26667625,0.30154625,0.32690625,0.18425625,0.16840625,0.15572625,0.16840625,0.18742625,0.18425625,0.19059625,0.21912625,0.8693725,0.3716825,0.3938725,0.5492025,0.3938725,0.5238425,0.4953125,0.6760025,1.0690825,0.2987725,0.9422825,0.3368125,0.9454525,0.7584225,0.9644725,0.8947325,1.0976125,1.0151925,1.1134625,1.1546725,1.0912725,1.0500625,1.1451625,1.1229725
23.6527777777778,0.064985,0.077665,0.071325,0.084005,0.068155,0.087175,0.068155,0.052305,0.064985,0.077665,0.045965,0.033285,0.030115,0.014265,0.014265,0.023775,0.017435,0.026945,0.017435,0.017435,0.017435,0.017435,0.014265,0.017435,0.20922,0.17118,0.25043,0.23775,0.20605,0.1902,0.24726,0.36138,0.11412,0.09193,0.12046,0.08559,0.10144,0.08876,0.09827,0.08559,0.1902,0.08242,0.06974,0.08242,0.08876,0.10461,0.10461,0.15533,0.036455,0.026945,0.033285,0.030115,0.030115,0.052305,0.045965,0.049135,0.033285,0.039625,0.049135,0.039625,0.058645,0.049135,0.084005,0.055475,0.052305,0.045965,0.033285,0.033285,0.042795,0.033285,0.030115,0.042795,0.23458,0.17752,0.24726,0.24092,0.20922,0.23141,0.21556,0.08242,0.13631,0.07291,0.09827,0.07608,0.05072,0.07608,0.09827,0.16167,0.036455,0.033285,0.026945,0.039625,0.023775,0.064985,0.036455,0.036455,0.02219,0.02536,0.01902,0.02536,0.02219,0.02219,0.02219,0.02536,0.03804,0.0317,0.02219,0.02853,0.0317,0.0317,0.04755,0.04755,0.03487,0.0317,0.0317,0.0317,0.0317,0.0317,0.03487,0.04121,2.49796,2.27923,2.14292,2.19364,2.1556,2.31093,2.20632,3.61697,0.32334,0.21873,0.21239,0.2219,0.25994,0.26628,0.30749,0.33285,0.18386,0.16484,0.1585,0.17118,0.17752,0.18386,0.1902,0.19971,0.809935,0.356625,0.410515,0.511955,0.413685,0.518295,0.489765,0.670455,1.022325,0.261525,0.866995,0.328095,0.895525,0.724345,0.911375,0.822615,1.098405,0.889185,1.035005,1.041345,1.031835,0.971605,1.019155,1.054025
23.8194444444444,0.06458875,0.07409875,0.06458875,0.08043875,0.06458875,0.08677875,0.06141875,0.07092875,0.06458875,0.07726875,0.04556875,0.03288875,0.02971875,0.01386875,0.02337875,0.02654875,0.01703875,0.02020875,0.01703875,0.01703875,0.01703875,0.01703875,0.01386875,0.01703875,0.20922,0.17118,0.25043,0.23775,0.20605,0.1902,0.24726,0.35821,0.11412,0.09193,0.12046,0.08559,0.10144,0.08876,0.09827,0.11729,0.19337,0.08559,0.06974,0.08559,0.08876,0.10461,0.10461,0.15216,0.03605875,0.03605875,0.03288875,0.03288875,0.02971875,0.04873875,0.04873875,0.03922875,0.03288875,0.03605875,0.04556875,0.03922875,0.06458875,0.04873875,0.08677875,0.05824875,0.05190875,0.04873875,0.03605875,0.03288875,0.03922875,0.03288875,0.03288875,0.03922875,0.20605,0.17752,0.25043,0.25043,0.21556,0.23458,0.21239,0.12046,0.14265,0.07291,0.09193,0.07291,0.04438,0.07608,0.10144,0.16484,0.03605875,0.03288875,0.02971875,0.03605875,0.02337875,0.06141875,0.03605875,0.03605875,0.02219,0.02219,0.01902,0.02536,0.02219,0.02219,0.02219,0.02536,0.03804,0.0317,0.02219,0.02853,0.0317,0.0317,0.04755,0.04755,0.03487,0.0317,0.0317,0.0317,0.0317,0.0317,0.03487,0.04121,2.50747,2.29825,2.12707,2.20632,2.12073,2.28874,2.22534,3.67086,0.30749,0.21873,0.21556,0.22507,0.26311,0.26945,0.31066,0.32968,0.18703,0.16801,0.15533,0.17435,0.17435,0.18386,0.1902,0.19654,0.83489875,0.30550875,0.39743875,0.47668875,0.46400875,0.55593875,0.55910875,0.68907875,0.98071875,0.20723875,0.86659875,0.25478875,0.91731875,0.73028875,0.92682875,0.74930875,1.09483875,0.95535875,1.12019875,1.06630875,1.05679875,0.94584875,1.03777875,1.06947875
23.9861111111111,0.0641925,0.0610225,0.0705325,0.0705325,0.0641925,0.0895525,0.0673625,0.0515125,0.0641925,0.0768725,0.0451725,0.0324925,0.0293225,0.0134725,0.0261525,0.0229825,0.0166425,0.0261525,0.0166425,0.0229825,0.0166425,0.0166425,0.0134725,0.0166425,0.21239,0.17118,0.25043,0.23458,0.20922,0.1902,0.24726,0.35504,0.11412,0.09193,0.12046,0.08559,0.10144,0.08876,0.09827,0.08876,0.19971,0.08559,0.06974,0.08559,0.09193,0.10461,0.10461,0.15533,0.0356625,0.0356625,0.0324925,0.0356625,0.0293225,0.0546825,0.0515125,0.0515125,0.0324925,0.0388325,0.0420025,0.0388325,0.0673625,0.0451725,0.0863825,0.0610225,0.0515125,0.0483425,0.0356625,0.0324925,0.0420025,0.0356625,0.0324925,0.0420025,0.20922,0.17752,0.24726,0.24092,0.21239,0.23141,0.21873,0.08242,0.13948,0.07291,0.09827,0.07608,0.04755,0.07608,0.10144,0.16484,0.0356625,0.0324925,0.0261525,0.0388325,0.0229825,0.0578525,0.0356625,0.0356625,0.02219,0.02536,0.01902,0.02536,0.02219,0.02219,0.02219,0.02536,0.03804,0.0317,0.02219,0.02853,0.0317,0.0317,0.04755,0.04755,0.03487,0.0317,0.0317,0.0317,0.0317,0.0317,0.03487,0.04121,2.48845,2.31727,2.10171,2.20632,2.09537,2.21266,2.19681,3.60746,0.32968,0.21556,0.21239,0.21873,0.26311,0.26945,0.32017,0.34236,0.18703,0.16801,0.15533,0.17118,0.17435,0.18386,0.19337,0.19971,0.8281625,0.2956025,0.3716825,0.4192325,0.4572725,0.5713925,0.5840725,0.6823425,0.9644725,0.1783125,0.7996325,0.2005025,0.8788825,0.6981925,0.8915625,0.7172125,1.1071225,0.9517925,1.0849325,1.0088525,1.0025125,0.8788825,1.0183625,1.0468925
24.1527777777778,0.0641925,0.0610225,0.0705325,0.0705325,0.0610225,0.0863825,0.0673625,0.0546825,0.0641925,0.0768725,0.0451725,0.0324925,0.0293225,0.0134725,0.0229825,0.0229825,0.0166425,0.0198125,0.0166425,0.0166425,0.0166425,0.0166425,0.0134725,0.0166425,0.21278625,0.17157625,0.24765625,0.23497625,0.20961625,0.19376625,0.24765625,0.35543625,0.11134625,0.09232625,0.12085625,0.08598625,0.10183625,0.08598625,0.09866625,0.08281625,0.20010625,0.08598625,0.07013625,0.08598625,0.09232625,0.10183625,0.10500625,0.15572625,0.0356625,0.0356625,0.0324925,0.0388325,0.0293225,0.0483425,0.0483425,0.0388325,0.0324925,0.0356625,0.0483425,0.0388325,0.0673625,0.0483425,0.0863825,0.0610225,0.0515125,0.0451725,0.0324925,0.0324925,0.0388325,0.0324925,0.0324925,0.0451725,0.20644625,0.18108625,0.24765625,0.25082625,0.21912625,0.23180625,0.21595625,0.08281625,0.13670625,0.07647625,0.10183625,0.07647625,0.04794625,0.07647625,0.10183625,0.16206625,0.0388325,0.0324925,0.0261525,0.0388325,0.0229825,0.0483425,0.0388325,0.0356625,0.02258625,0.02258625,0.01941625,0.02575625,0.02258625,0.02258625,0.02258625,0.02575625,0.03843625,0.03209625,0.02258625,0.02892625,0.02892625,0.03209625,0.04794625,0.04477625,0.03526625,0.03209625,0.03209625,0.03209625,0.03209625,0.03209625,0.03526625,0.04160625,2.59979625,2.32083625,2.10844625,2.16867625,2.09576625,2.17184625,2.17501625,3.73782625,0.30788625,0.21595625,0.21278625,0.22863625,0.26033625,0.27301625,0.32056625,0.33641625,0.19059625,0.15889625,0.15255625,0.17474625,0.18425625,0.18742625,0.19059625,0.19693625,0.8028025,0.3209625,0.3558325,0.3843625,0.4414225,0.5713925,0.6316225,0.6855125,0.9961725,0.1529525,0.8091425,0.1846525,0.9074125,0.7140425,0.9169225,0.7172125,1.1388225,0.9264325,1.0627425,1.0056825,1.0342125,0.8662025,1.0088525,1.0564025
